PMID,SPLIT,DOMAIN,OBSERVED
10430951,test,VISION,1.3057502726019443
10920049,test,VISION,1.2678064471813313
11322986,test,VISION,1.1787148886414973
11707096,test,VISION,1.2865481691544178
11907685,test,VISION,1.3107462262356608
12757885,test,VISION,1.1872987361525256
12874776,test,VISION,1.1127037165356137
12880785,test,VISION,1.0008281935520789
14527577,test,VISION,1.1605995691010869
14736578,test,VISION,1.1885805472929787
15064396,test,VISION,1.2166567836693365
15281140,test,VISION,1.2073397300910327
15703257,test,VISION,1.1575785981609203
15993630,test,VISION,1.245320580334292
16445991,test,VISION,1.0248528592745676
16806977,test,VISION,1.0855966252425138
17055155,test,VISION,1.1508584406796454
17080435,test,VISION,1.2775424460641658
17596422,test,VISION,1.0254261895334613
17631871,test,VISION,1.193322933149552
17908169,test,VISION,1.0703376756952985
18336838,test,VISION,1.007490539120705
18342542,test,VISION,1.1281376692886151
18346831,test,VISION,1.3685776331382344
18480270,test,VISION,1.2247484282189178
18805460,test,VISION,1.0289768482312043
18973604,test,VISION,1.05056292247322
19015371,test,VISION,1.266269133559355
19162048,test,VISION,1.1081436068287904
19304914,test,VISION,1.0756681391239071
19309296,test,VISION,1.135308734644066
19322649,test,VISION,1.1099474342080027
19428408,test,VISION,1.188880138282989
19765560,test,VISION,1.0423735609407518
20451625,test,VISION,1.20476013059069
20456928,test,VISION,1.1363638341396425
20562319,test,VISION,1.059920392692539
20599816,test,VISION,1.0641865734447782
20869400,test,VISION,1.157110041998844
21078973,test,VISION,1.097014005897587
21168427,test,VISION,1.1420343886144704
21173881,test,VISION,1.0308818179234025
21722656,test,VISION,1.0286466498004432
21813690,test,VISION,1.2285259490654792
22073183,test,VISION,1.0465908299373052
22287214,test,VISION,1.2344026139049245
22485152,test,VISION,1.1250628469440933
22490547,test,VISION,1.0488944479248656
22720054,test,VISION,1.0671664739411444
22902768,test,VISION,1.0601729759834404
23066731,test,VISION,1.1041852226628235
23201366,test,VISION,1.119363098525177
23231884,test,VISION,1.2411735423923949
23313779,test,VISION,1.1617997439048546
23563109,test,VISION,1.3140729081599938
23684864,test,VISION,1.1121857453102149
23785160,test,VISION,1.164201776122356
24130761,test,VISION,1.0546939106933335
24155702,test,VISION,1.0878652981939982
24361478,test,VISION,1.0762017388907315
25541139,test,VISION,1.1503610275340248
25610763,test,VISION,1.0717523564941056
25700951,test,VISION,1.184360381595466
26613972,test,VISION,1.2458437894802756
26791218,test,VISION,1.148802987587777
26869907,test,VISION,1.162499850359041
27205875,test,VISION,1.0503946666090056
27695408,test,VISION,1.0689885954813183
27697662,test,VISION,1.2109413746902822
27977692,test,VISION,1.089870484039398
28432767,test,VISION,1.17554543566607
28533517,test,VISION,1.1038687274097456
29365199,test,VISION,1.0447499390784116
29578027,test,VISION,1.0227108235159836
29880254,test,VISION,1.0994053729190434
7488733,test,COGNITION,1.028723562596066
9051780,test,COGNITION,1.0449301388465007
11053229,test,COGNITION,1.074427399272362
11467915,test,COGNITION,1.0330474429638166
11590113,test,COGNITION,1.0876748576736406
11771973,test,COGNITION,1.0942867863240557
12090812,test,COGNITION,1.0170626996824739
12433382,test,COGNITION,1.0123454276869155
12547465,test,COGNITION,1.1735618427945957
12566282,test,COGNITION,1.0680845752005559
12589893,test,COGNITION,1.0750442502985174
12867520,test,COGNITION,1.1318576980964554
14638592,test,COGNITION,1.0825087665536475
15050570,test,COGNITION,1.0407427982705921
15193603,test,COGNITION,1.0603868420904112
15528101,test,COGNITION,1.10166086361148
15541071,test,COGNITION,1.0380203847757379
15590917,test,COGNITION,1.067228279941236
15593271,test,COGNITION,0.9767121041803508
15721593,test,COGNITION,1.0333602712477095
15784438,test,COGNITION,1.019944226646864
15917482,test,COGNITION,0.9845230079650523
15930384,test,COGNITION,1.035929798351735
16023375,test,COGNITION,1.0557106162756553
16203952,test,COGNITION,1.0814390489362982
16228196,test,COGNITION,1.0297877906564408
16272166,test,COGNITION,1.0491527687188462
16407479,test,COGNITION,1.0890439413470676
16497278,test,COGNITION,1.0315438286637937
16585053,test,COGNITION,1.0197859065375185
16731517,test,COGNITION,1.0006970283033427
16912129,test,COGNITION,1.0811445835385811
17011096,test,COGNITION,1.0832945446387612
17214564,test,COGNITION,1.0365194684554724
17392459,test,COGNITION,1.0842389923564082
17488207,test,COGNITION,1.051881819524483
17551089,test,COGNITION,1.0536058321136068
17559542,test,COGNITION,1.10088976221517
17990304,test,COGNITION,1.0456373515669721
18004945,test,COGNITION,1.081377657291441
18174503,test,COGNITION,1.0960494844440671
18206391,test,COGNITION,0.9863100007052158
18235427,test,COGNITION,1.0890897543487477
18434103,test,COGNITION,1.0452627156336356
18524902,test,COGNITION,1.1228788481269738
18571794,test,COGNITION,1.0414470661003292
18578596,test,COGNITION,1.0248118014583714
18819107,test,COGNITION,1.0946285537124565
18988738,test,COGNITION,1.0649863396652315
19176814,test,COGNITION,1.0763142247929534
19301995,test,COGNITION,1.0462057893527592
19320638,test,COGNITION,1.0609610111319212
19376243,test,COGNITION,1.0185687440791689
19429863,test,COGNITION,1.0523637968089383
19462002,test,COGNITION,1.0154979185720827
19507160,test,COGNITION,1.0433091986485337
19549622,test,COGNITION,1.1033874985940966
19619566,test,COGNITION,1.023356475210376
19643585,test,COGNITION,1.1359469924450278
19650139,test,COGNITION,1.1393032774973038
19699190,test,COGNITION,1.0297218643864199
19777552,test,COGNITION,1.1090614761975004
19925856,test,COGNITION,1.081594025813863
20036266,test,COGNITION,1.022645075180248
20079980,test,COGNITION,1.0707078257967024
20123028,test,COGNITION,0.9860078526590884
20164352,test,COGNITION,1.1061089864320761
20522540,test,COGNITION,1.1267405894163374
20628343,test,COGNITION,1.0278432516163485
20728873,test,COGNITION,1.067796631888383
20807576,test,COGNITION,1.0740569978669188
20851189,test,COGNITION,1.0525364733027716
20961661,test,COGNITION,1.087239190127256
21315091,test,COGNITION,1.0082239219276348
21333979,test,COGNITION,1.0516582978666975
21390505,test,COGNITION,1.034216948487623
21391280,test,COGNITION,1.0823087984396016
21415916,test,COGNITION,1.0555491104663395
21425400,test,COGNITION,1.0348183194583838
21452946,test,COGNITION,1.0739904579048871
21556876,test,COGNITION,1.0802929380741086
21676092,test,COGNITION,1.1147672777191218
21690258,test,COGNITION,1.0223606863760335
21703498,test,COGNITION,1.0916849214360111
21757013,test,COGNITION,1.037223446879334
21763441,test,COGNITION,1.038413563066454
21782031,test,COGNITION,1.0122589755539746
21997605,test,COGNITION,1.036304513620693
22005087,test,COGNITION,1.0975933417635886
22427332,test,COGNITION,1.0823075006887082
22431327,test,COGNITION,1.0474703171574198
22444277,test,COGNITION,1.1058682456544422
22445816,test,COGNITION,1.1204135046210237
22617829,test,COGNITION,1.0762351684834321
22745505,test,COGNITION,1.0669061360727425
22885679,test,COGNITION,1.0489596459122263
23144915,test,COGNITION,1.0579532132064153
23185360,test,COGNITION,1.0338849423271896
23262175,test,COGNITION,1.0565528542171783
23448875,test,COGNITION,1.0301107829702656
23457592,test,COGNITION,1.0105087963744919
23567890,test,COGNITION,1.0265771852689798
23706416,test,COGNITION,1.029939516569831
23812762,test,COGNITION,1.0873858244888561
23845427,test,COGNITION,1.0263241173977111
23985135,test,COGNITION,1.0619558703789522
24036319,test,COGNITION,1.1058736817625139
24090712,test,COGNITION,1.0434487527586975
24119547,test,COGNITION,1.028429180945404
24123508,test,COGNITION,1.0190058856338096
24236212,test,COGNITION,1.0963440466466337
24247250,test,COGNITION,1.0621880833913357
24384153,test,COGNITION,1.057767527475593
24416003,test,COGNITION,1.0135027618893444
24439485,test,COGNITION,1.0874680328769353
24637793,test,COGNITION,1.0798187119078009
24711792,test,COGNITION,1.0659473162128403
24788317,test,COGNITION,1.0488134061703451
24867353,test,COGNITION,1.1303466224236647
25023736,test,COGNITION,1.0935414901951064
25092900,test,COGNITION,1.0225641336179634
25140143,test,COGNITION,1.0612915396304488
25162661,test,COGNITION,1.026283452400061
25170021,test,COGNITION,1.0918767556800846
25275449,test,COGNITION,1.0436610056565216
25305570,test,COGNITION,1.0186823245519514
25445623,test,COGNITION,1.108530035410142
25610797,test,COGNITION,1.022797895815374
25670645,test,COGNITION,1.09416228562291
25687596,test,COGNITION,1.0889316646795317
25790026,test,COGNITION,1.0073818234633438
25818331,test,COGNITION,1.1142481621863762
25889338,test,COGNITION,1.00705782489831
26000753,test,COGNITION,1.0280752964140274
26049007,test,COGNITION,1.1066736497150507
26079805,test,COGNITION,1.0255442812795998
26082893,test,COGNITION,1.1109001097373594
26108101,test,COGNITION,1.0613322695883327
26388754,test,COGNITION,1.076403010446973
26441146,test,COGNITION,0.975457224633224
26503297,test,COGNITION,1.0114631934601208
26610427,test,COGNITION,1.0853193265284742
26615571,test,COGNITION,1.1316225568717775
26656573,test,COGNITION,1.0326849797971986
26971253,test,COGNITION,1.0563650944039835
27000310,test,COGNITION,1.1021917918350272
27026657,test,COGNITION,1.0257024070678569
27091382,test,COGNITION,1.0063050178308937
27102424,test,COGNITION,1.113540902010021
27322194,test,COGNITION,1.0638390664822193
27444729,test,COGNITION,1.0667436504401449
27536945,test,COGNITION,1.0138515054776875
27568587,test,COGNITION,1.0628293592519862
27575531,test,COGNITION,0.988304786817271
27769891,test,COGNITION,1.1072742889626328
28077120,test,COGNITION,1.0661487256306066
28320846,test,COGNITION,1.014956370981107
28370703,test,COGNITION,1.0672537296123341
28376413,test,COGNITION,1.0709101439212532
28424597,test,COGNITION,1.0530116139195238
28579482,test,COGNITION,1.078470418850893
28811179,test,COGNITION,1.0285276395243752
28865310,test,COGNITION,1.1053682182410662
28893526,test,COGNITION,0.9929156496763699
29024192,test,COGNITION,1.0370329661041855
29058352,test,COGNITION,1.04830870200986
29107022,test,COGNITION,1.046260300682382
29107769,test,COGNITION,1.0313480353732492
29164505,test,COGNITION,1.082734656166552
29263238,test,COGNITION,1.0501141407528183
29364911,test,COGNITION,1.1053347792286958
29428771,test,COGNITION,1.0252917955461325
29453959,test,COGNITION,1.0644851438697063
29518563,test,COGNITION,1.0310554748071372
29590181,test,COGNITION,1.070496505515573
29748770,test,COGNITION,1.0161814988542253
29868451,test,COGNITION,1.0689100998441265
10876085,test,MANIPULATION,1.0809059448790865
11098795,test,MANIPULATION,1.0646565366631375
11751032,test,MANIPULATION,1.1012046694390394
12160755,test,MANIPULATION,1.1213689850555444
12507693,test,MANIPULATION,1.0516947242046457
14568478,test,MANIPULATION,1.0957529448262946
15784436,test,MANIPULATION,1.1076170971759742
15784440,test,MANIPULATION,1.0583301620888435
15795134,test,MANIPULATION,1.049027304680266
15887056,test,MANIPULATION,1.0804346164989995
15961053,test,MANIPULATION,1.0617004759783557
16027008,test,MANIPULATION,1.0342201110843279
16876130,test,MANIPULATION,1.0886602667187613
16944492,test,MANIPULATION,1.0327605262669002
17188518,test,MANIPULATION,1.0988489058703674
17676057,test,MANIPULATION,1.05292160925749
17888408,test,MANIPULATION,1.0683340689140044
18053686,test,MANIPULATION,1.0770231560381882
18184777,test,MANIPULATION,1.1153701199644799
18261933,test,MANIPULATION,1.097595820838587
18330871,test,MANIPULATION,1.0723692485209113
18499480,test,MANIPULATION,1.0988781903527376
18582578,test,MANIPULATION,1.0941412470256469
18635157,test,MANIPULATION,1.075090903626157
18842666,test,MANIPULATION,1.0479472920806248
18996508,test,MANIPULATION,1.1321455789973074
19015081,test,MANIPULATION,1.0713647642905262
19221144,test,MANIPULATION,1.0382863648931897
19242558,test,MANIPULATION,1.0832595535905938
19427842,test,MANIPULATION,1.0316518109348343
19490513,test,MANIPULATION,1.0901592579285302
19540253,test,MANIPULATION,1.1024405049153294
19709644,test,MANIPULATION,1.1367494202149826
19818906,test,MANIPULATION,1.0422271988317753
19915091,test,MANIPULATION,1.0455383485244936
20609569,test,MANIPULATION,1.0292244024578483
20610743,test,MANIPULATION,1.122335718810821
20673803,test,MANIPULATION,1.1304550447867012
20797441,test,MANIPULATION,1.085269183647369
21144497,test,MANIPULATION,1.1787454130297577
21212840,test,MANIPULATION,1.0407832668604098
21325514,test,MANIPULATION,1.062652837412738
21373973,test,MANIPULATION,1.1017132520976038
21471359,test,MANIPULATION,1.0583951255201476
21676001,test,MANIPULATION,1.0300970485711292
21699987,test,MANIPULATION,1.1557382716146891
21790899,test,MANIPULATION,1.0331479083390716
21896497,test,MANIPULATION,1.100493829371078
21903032,test,MANIPULATION,1.0528609671973304
21938266,test,MANIPULATION,1.0541540908031466
21945697,test,MANIPULATION,1.0492782870209112
21962775,test,MANIPULATION,1.0405374818533608
22096519,test,MANIPULATION,1.0721806395903866
22154962,test,MANIPULATION,1.0779865708515073
22227141,test,MANIPULATION,1.1060162744385036
22234380,test,MANIPULATION,1.0640198973352573
22285718,test,MANIPULATION,1.0267367792469437
22368086,test,MANIPULATION,1.124434891594205
22440647,test,MANIPULATION,1.0621866873718948
22507228,test,MANIPULATION,1.1037243122290334
22571460,test,MANIPULATION,1.109942475232231
22617625,test,MANIPULATION,1.114638423159396
22696421,test,MANIPULATION,1.038441693485305
22814146,test,MANIPULATION,1.064913805010817
22974975,test,MANIPULATION,1.0885701666162177
23000552,test,MANIPULATION,1.0601665327980798
23062585,test,MANIPULATION,1.0737205330876516
23087604,test,MANIPULATION,1.0138365151743887
23175822,test,MANIPULATION,1.1830113403118299
23200718,test,MANIPULATION,1.1313024406924173
23201367,test,MANIPULATION,1.1494681419487311
23245219,test,MANIPULATION,1.1068273189126814
23284730,test,MANIPULATION,1.0545084938864098
23355606,test,MANIPULATION,1.1117280801799154
23365241,test,MANIPULATION,1.0544333319861947
23410736,test,MANIPULATION,1.051333664189171
23468832,test,MANIPULATION,1.0442760204833557
23512932,test,MANIPULATION,1.0906492590672787
23558094,test,MANIPULATION,1.0437105279760903
23578759,test,MANIPULATION,1.082235400069101
23675408,test,MANIPULATION,1.0918739568427844
23748500,test,MANIPULATION,1.050991188221231
23773427,test,MANIPULATION,1.0753465722125035
23787950,test,MANIPULATION,1.0958017708899388
23887812,test,MANIPULATION,1.0934096024067699
23887819,test,MANIPULATION,1.1186163873853703
23888999,test,MANIPULATION,1.099142704567971
24093010,test,MANIPULATION,1.0893716274107654
24285897,test,MANIPULATION,1.027273715100399
24370610,test,MANIPULATION,1.0608436783235007
24376780,test,MANIPULATION,1.0461727608181115
24480476,test,MANIPULATION,1.0215300367119542
24747514,test,MANIPULATION,0.9962435002194882
24753211,test,MANIPULATION,1.0915085762365186
24768931,test,MANIPULATION,1.0821399014417672
24828649,test,MANIPULATION,1.0350858765155841
25262587,test,MANIPULATION,1.065950151880648
25449847,test,MANIPULATION,1.0327603925365445
25554429,test,MANIPULATION,1.0846141216073035
25608023,test,MANIPULATION,1.0675146445957537
25698948,test,MANIPULATION,1.0924436930317296
25724688,test,MANIPULATION,1.099064914480717
25933410,test,MANIPULATION,1.1117161433320544
25969399,test,MANIPULATION,1.0239480182327303
25979667,test,MANIPULATION,1.0827285724568863
26057359,test,MANIPULATION,1.1187473600185422
26166623,test,MANIPULATION,1.0358025215994617
26269638,test,MANIPULATION,1.1416591735786308
26279212,test,MANIPULATION,1.1053590004546197
26303978,test,MANIPULATION,1.0923177629668057
26305476,test,MANIPULATION,1.0513506804731692
26331684,test,MANIPULATION,1.1064915696854898
26367817,test,MANIPULATION,1.0760131252529872
26436895,test,MANIPULATION,1.0398060761996373
26455808,test,MANIPULATION,1.1014310103421434
26781484,test,MANIPULATION,1.1457607499496987
27170137,test,MANIPULATION,1.0872507821108623
27170428,test,MANIPULATION,1.1406642045103599
27220041,test,MANIPULATION,1.1170345551617482
27303278,test,MANIPULATION,1.0498111232618261
27522332,test,MANIPULATION,1.0739966335082416
27659299,test,MANIPULATION,1.0598936663179033
27814960,test,MANIPULATION,1.061015479178296
27838595,test,MANIPULATION,1.086419192195339
27870866,test,MANIPULATION,1.1193455379504684
28008077,test,MANIPULATION,1.1152790379870563
28092779,test,MANIPULATION,1.0702804018113061
28117844,test,MANIPULATION,1.0187390260924671
28210930,test,MANIPULATION,1.1361363949552137
28645841,test,MANIPULATION,1.0528074942095555
29024175,test,MANIPULATION,1.0329813480331838
29064475,test,MANIPULATION,1.036504789110567
29218570,test,MANIPULATION,1.1140908987865519
29285721,test,MANIPULATION,1.0845476409674593
29318509,test,MANIPULATION,1.0121355064580413
29398207,test,MANIPULATION,1.0696564913760642
29527494,test,MANIPULATION,1.016331559556508
29656266,test,MANIPULATION,1.046616612889813
8805334,test,PERCEPTION,1.4010557694696055
11335694,test,PERCEPTION,1.2387204336953443
11711895,test,PERCEPTION,1.3303079033014023
12571120,test,PERCEPTION,1.248529875041987
12740408,test,PERCEPTION,1.4082775503988954
12909719,test,PERCEPTION,1.4635381170317363
14527597,test,PERCEPTION,1.3250070062303068
15258587,test,PERCEPTION,1.3773037752673967
15260962,test,PERCEPTION,1.3319681010768782
15808988,test,PERCEPTION,1.369408244577298
15905031,test,PERCEPTION,1.383474226969903
15907316,test,PERCEPTION,1.237071693697017
15921935,test,PERCEPTION,1.376298113154891
16928852,test,PERCEPTION,1.399766862559308
17110130,test,PERCEPTION,1.1808973239532694
17123710,test,PERCEPTION,0.991566761100202
17462916,test,PERCEPTION,1.261350159632425
17497646,test,PERCEPTION,1.2025003844873505
17986612,test,PERCEPTION,1.0606199659502076
18203622,test,PERCEPTION,1.2133701472105414
18822455,test,PERCEPTION,1.2082617981730701
18980863,test,PERCEPTION,1.1239162979440072
19162389,test,PERCEPTION,1.2032231706928533
19347876,test,PERCEPTION,1.4035774060455226
19481162,test,PERCEPTION,1.4029899835301658
19812344,test,PERCEPTION,1.3645679881769828
20861384,test,PERCEPTION,1.227588221520639
21256231,test,PERCEPTION,1.3233879063989527
21484948,test,PERCEPTION,1.4115106647823876
21514332,test,PERCEPTION,1.1051270148893828
21624474,test,PERCEPTION,1.2705363425872842
21880924,test,PERCEPTION,1.2761237220640773
22831862,test,PERCEPTION,1.1405363719938555
23691185,test,PERCEPTION,1.208617843791972
23769917,test,PERCEPTION,1.1385926613243729
25173956,test,PERCEPTION,1.2430284970501162
25331600,test,PERCEPTION,1.194984991065257
26603369,test,PERCEPTION,1.1830848366231235
27066309,test,PERCEPTION,1.041917573603928
27122026,test,PERCEPTION,1.1974135743516126
27307373,test,PERCEPTION,1.1530866442731642
27916664,test,PERCEPTION,1.1854693566999883
28069964,test,PERCEPTION,1.0703508748659583
28254454,test,PERCEPTION,1.188735546993453
8405250,test,PREPARATION,1.1078540065764317
8730806,test,PREPARATION,1.2553879999739717
8836245,test,PREPARATION,1.1729818422725315
9217681,test,PREPARATION,1.3036391299024717
9238064,test,PREPARATION,1.1345936655058988
9343594,test,PREPARATION,1.2681584468782585
9345478,test,PREPARATION,1.1702805829973866
9397017,test,PREPARATION,1.1959528855691475
9463462,test,PREPARATION,1.245491274693735
9950067,test,PREPARATION,1.1454815536262186
10216270,test,PREPARATION,1.1621862105007603
10227106,test,PREPARATION,1.166227147271181
10372081,test,PREPARATION,1.1225671368983803
10401985,test,PREPARATION,1.1567926703027436
10554992,test,PREPARATION,1.1356693940584517
10679185,test,PREPARATION,1.1294889585769634
10689056,test,PREPARATION,1.2213297081137442
10923655,test,PREPARATION,1.1221127048064667
11018487,test,PREPARATION,1.1725476631013056
11160525,test,PREPARATION,1.1725928969906183
11162266,test,PREPARATION,1.221724050727624
11230093,test,PREPARATION,1.06758351098758
11576194,test,PREPARATION,1.1623539218767172
11726800,test,PREPARATION,1.1021600551140343
11739265,test,PREPARATION,1.0841567950561775
11798266,test,PREPARATION,1.1956115862970766
12062028,test,PREPARATION,1.112100988583288
12091578,test,PREPARATION,1.1341475074230596
12112763,test,PREPARATION,1.218163825134551
12147314,test,PREPARATION,1.1371064572693852
12356445,test,PREPARATION,1.08095648244833
12364527,test,PREPARATION,1.1927658435048263
12377159,test,PREPARATION,1.1657474145519187
12421659,test,PREPARATION,1.2048114620365884
12498746,test,PREPARATION,1.1937484579993813
12546829,test,PREPARATION,1.1222158609433346
12590843,test,PREPARATION,1.1934126518766732
12706214,test,PREPARATION,1.2664797396000322
12749964,test,PREPARATION,1.1948203804529198
12821095,test,PREPARATION,1.217736553330047
12823480,test,PREPARATION,1.0872898818933572
12855357,test,PREPARATION,1.1831844584465496
12875920,test,PREPARATION,1.1830683370825676
12946085,test,PREPARATION,1.2059336377529675
14534916,test,PREPARATION,1.2051543722639475
14597035,test,PREPARATION,1.1493211733928257
14642287,test,PREPARATION,1.1448110920518904
14730305,test,PREPARATION,1.2077329227536546
14980558,test,PREPARATION,1.3076175661548346
15001776,test,PREPARATION,1.1788392184730405
15062860,test,PREPARATION,1.1671440985844925
15069021,test,PREPARATION,1.1014920973656792
15078569,test,PREPARATION,1.2430728651335234
15145996,test,PREPARATION,1.2484915919418862
15190112,test,PREPARATION,1.2298153444231388
15268927,test,PREPARATION,1.1991679980513237
15275933,test,PREPARATION,1.2544376028829058
15325411,test,PREPARATION,1.1575016258885038
15342438,test,PREPARATION,1.1932313900748708
15449356,test,PREPARATION,1.2345649132683334
15499576,test,PREPARATION,1.2020954327970035
15511653,test,PREPARATION,1.2172713630358438
15543553,test,PREPARATION,1.1480834350510212
15572117,test,PREPARATION,1.1416379985391822
15721187,test,PREPARATION,1.2102373400251059
15741465,test,PREPARATION,1.1852660438728173
15766766,test,PREPARATION,1.1453917095977222
15808995,test,PREPARATION,1.048598783602605
15850740,test,PREPARATION,1.1440890313792167
15852384,test,PREPARATION,1.2082225693701687
15852385,test,PREPARATION,1.2319033664631944
15932793,test,PREPARATION,1.1957638486241817
16033888,test,PREPARATION,1.199264859038552
16046146,test,PREPARATION,1.1806247516455175
16112877,test,PREPARATION,1.2608222240621922
16125977,test,PREPARATION,1.1171985089013772
16150800,test,PREPARATION,1.1962046298944349
16253524,test,PREPARATION,1.1661664428648428
16307253,test,PREPARATION,1.2219358249837562
16327784,test,PREPARATION,1.1667203825515808
16380271,test,PREPARATION,1.2836301784069242
16421171,test,PREPARATION,1.2127481261824866
16537568,test,PREPARATION,1.1213282287541966
16540348,test,PREPARATION,1.1334475847943106
16584892,test,PREPARATION,1.191980560281167
16650775,test,PREPARATION,1.0847724248142558
16730195,test,PREPARATION,1.229167185890562
16730460,test,PREPARATION,1.280391610785101
16794848,test,PREPARATION,1.2805991883341714
16828063,test,PREPARATION,1.2449382640220947
16837832,test,PREPARATION,1.1041199805975757
16914607,test,PREPARATION,1.2324754600800858
16979559,test,PREPARATION,1.1259675512773406
17010420,test,PREPARATION,1.097654424995936
17029760,test,PREPARATION,1.0985475399380573
17051376,test,PREPARATION,1.1197701096049095
17060367,test,PREPARATION,1.2541373445323831
17081770,test,PREPARATION,1.1556790961317802
17182259,test,PREPARATION,1.1929301474956437
17188464,test,PREPARATION,1.2370711727965273
17217932,test,PREPARATION,1.194575685718919
17218001,test,PREPARATION,1.1834177167659867
17239622,test,PREPARATION,1.0920401254508245
17239623,test,PREPARATION,1.0108577644199377
17331218,test,PREPARATION,1.2437932191709489
17403529,test,PREPARATION,1.1661036028903229
17432971,test,PREPARATION,1.1491765578643358
17432972,test,PREPARATION,1.2736113216025933
17499164,test,PREPARATION,1.2659642574720755
17499168,test,PREPARATION,1.2656440948998642
17525980,test,PREPARATION,1.1633998099904452
17588725,test,PREPARATION,1.148879101554708
17627851,test,PREPARATION,1.178361466143141
17686467,test,PREPARATION,1.2215670704135624
17885190,test,PREPARATION,1.219924066494171
17888409,test,PREPARATION,1.1629593181945455
17900903,test,PREPARATION,1.2365853119522727
17919932,test,PREPARATION,1.2854584995936282
17948883,test,PREPARATION,1.246030148205596
17949905,test,PREPARATION,1.045734822427422
17971871,test,PREPARATION,1.1294601031211762
18029199,test,PREPARATION,1.22190693239218
18083602,test,PREPARATION,1.2382469428719114
18219617,test,PREPARATION,1.2115158845553362
18234684,test,PREPARATION,1.1947123787047353
18255317,test,PREPARATION,1.0149079512326862
18261744,test,PREPARATION,1.22739807356652
18310580,test,PREPARATION,1.186197288492729
18329904,test,PREPARATION,1.2164863288217622
18353127,test,PREPARATION,1.1168778959457502
18434203,test,PREPARATION,1.149138052657397
18474845,test,PREPARATION,1.1074113682277795
18485420,test,PREPARATION,1.206933576658681
18511304,test,PREPARATION,1.1512332005554036
18515150,test,PREPARATION,1.2621905862267564
18534868,test,PREPARATION,1.211296120520032
18537112,test,PREPARATION,1.2468797888710137
18550593,test,PREPARATION,1.1713294937745085
18567621,test,PREPARATION,1.2317587253825426
18588987,test,PREPARATION,1.1961762892198409
18632288,test,PREPARATION,1.0853323987070265
18662866,test,PREPARATION,1.1676358230770751
18722517,test,PREPARATION,1.2686967489137062
18848743,test,PREPARATION,1.115029640689791
18937281,test,PREPARATION,1.2150847993987255
19011844,test,PREPARATION,1.135269527538451
19018314,test,PREPARATION,1.2189168028990254
19027763,test,PREPARATION,1.1596168655901085
19162200,test,PREPARATION,1.1622100704252722
19196494,test,PREPARATION,1.114522829915814
19280106,test,PREPARATION,1.1683900360216293
19395526,test,PREPARATION,1.17540235020803
19400682,test,PREPARATION,1.25444656229502
19422920,test,PREPARATION,1.145437842495825
19523524,test,PREPARATION,1.1892597938093001
19530219,test,PREPARATION,1.202523738211358
19573610,test,PREPARATION,1.2313991337205874
19585590,test,PREPARATION,1.12277889073939
19616296,test,PREPARATION,1.1342821326416
19745020,test,PREPARATION,1.1855031690970868
19778958,test,PREPARATION,1.2201304952828935
19782094,test,PREPARATION,1.0466062908675844
19782696,test,PREPARATION,1.1601642759288144
19874903,test,PREPARATION,1.156786774661481
19929756,test,PREPARATION,1.0997795994060193
19961833,test,PREPARATION,1.1720569054565741
19962240,test,PREPARATION,1.2375182866393488
20006720,test,PREPARATION,1.2157118917933423
20016088,test,PREPARATION,1.2088556415854097
20026227,test,PREPARATION,1.1350820296985422
20083395,test,PREPARATION,1.1432663345517113
20087840,test,PREPARATION,1.1495985962147128
20138255,test,PREPARATION,1.1712364443983965
20146607,test,PREPARATION,1.2148711944394968
20146609,test,PREPARATION,1.2346086698170173
20162598,test,PREPARATION,1.1125658387712194
20188184,test,PREPARATION,1.2286803292547308
20225220,test,PREPARATION,1.1919969034331375
20226773,test,PREPARATION,1.1946940737788387
20298791,test,PREPARATION,1.232288859883487
20357071,test,PREPARATION,1.141725529450461
20450898,test,PREPARATION,1.2107534286990551
20501484,test,PREPARATION,1.159052254323766
20530219,test,PREPARATION,1.2208738491930788
20561955,test,PREPARATION,1.1445183030477943
20578174,test,PREPARATION,1.194384345278817
20669168,test,PREPARATION,1.0998861199265852
20669264,test,PREPARATION,1.1724414947916668
20674749,test,PREPARATION,1.159659867375256
20691427,test,PREPARATION,1.1452850041295113
20702694,test,PREPARATION,1.2340340753997143
20826657,test,PREPARATION,1.2297266755401555
20833698,test,PREPARATION,1.2123897086611777
20836159,test,PREPARATION,1.191832246932835
20932921,test,PREPARATION,1.1407262609475937
21078349,test,PREPARATION,1.0780400217203558
21092865,test,PREPARATION,1.1847147815699408
21119848,test,PREPARATION,1.1812674123536817
21122818,test,PREPARATION,1.1451456731800633
21140434,test,PREPARATION,1.1641925958988455
21151992,test,PREPARATION,1.1697595563224543
21154789,test,PREPARATION,1.0540280822010877
21172322,test,PREPARATION,1.151989295944425
21195187,test,PREPARATION,1.2014858699897188
21195388,test,PREPARATION,1.143741012208006
21205806,test,PREPARATION,1.1366073867909856
21298563,test,PREPARATION,1.2428212212160394
21316475,test,PREPARATION,1.1538403102453665
21339513,test,PREPARATION,1.1801488013424286
21364772,test,PREPARATION,1.1738593064948646
21376126,test,PREPARATION,1.1335274771230108
21391262,test,PREPARATION,1.1795944657347521
21396456,test,PREPARATION,1.1437706405303718
21414916,test,PREPARATION,1.2700803898813007
21504992,test,PREPARATION,1.098115037332307
21519392,test,PREPARATION,1.2247437322694616
21586596,test,PREPARATION,1.1129083503600137
21664605,test,PREPARATION,1.1708502897095925
21689765,test,PREPARATION,1.2098483719139517
21741450,test,PREPARATION,1.2534984383873162
21768205,test,PREPARATION,1.2160226723633554
21775617,test,PREPARATION,1.0672834207408852
21802436,test,PREPARATION,1.1842890912548956
21849560,test,PREPARATION,1.2432910810024609
21926468,test,PREPARATION,1.1766572687004109
21933718,test,PREPARATION,1.26932006880945
21959173,test,PREPARATION,1.237701661106836
21974788,test,PREPARATION,1.11495967895281
22001262,test,PREPARATION,1.1746198698934058
22076444,test,PREPARATION,1.170728982267357
22157280,test,PREPARATION,1.1628860334830842
22159107,test,PREPARATION,1.135051600676139
22242146,test,PREPARATION,1.2451054113826145
22264344,test,PREPARATION,1.0933245173180413
22275475,test,PREPARATION,1.0957043714149324
22305924,test,PREPARATION,1.2402664585654855
22369994,test,PREPARATION,1.076962916196634
22378588,test,PREPARATION,1.1546069035004756
22403154,test,PREPARATION,1.173405384557204
22447729,test,PREPARATION,1.221274721859847
22459338,test,PREPARATION,1.1834460999643872
22475505,test,PREPARATION,1.2215633981651877
22499797,test,PREPARATION,1.1689886388525574
22505995,test,PREPARATION,1.1773160243968077
22510531,test,PREPARATION,1.1818322090805542
22541026,test,PREPARATION,1.202919376008254
22574285,test,PREPARATION,1.1887639498685059
22649231,test,PREPARATION,1.1691513747208648
22658706,test,PREPARATION,1.2078046851278588
22659479,test,PREPARATION,1.1726615667192108
22768126,test,PREPARATION,1.1208440377719169
22819967,test,PREPARATION,1.1506459923220198
22840469,test,PREPARATION,1.114602424851664
22849401,test,PREPARATION,1.1566074824710273
22875861,test,PREPARATION,1.2858424476693489
22912611,test,PREPARATION,1.2021919027735473
22912698,test,PREPARATION,1.188467411834798
22940117,test,PREPARATION,1.1416167898945866
22943145,test,PREPARATION,1.2350947378412562
22974271,test,PREPARATION,1.1429991108872757
22993265,test,PREPARATION,1.189987171556261
23019128,test,PREPARATION,1.2009070699922648
23028775,test,PREPARATION,1.2278024633130893
23131805,test,PREPARATION,1.1532662269418812
23138728,test,PREPARATION,1.0945327017135746
23177922,test,PREPARATION,1.1498055653293247
23217577,test,PREPARATION,1.148996967613303
23245426,test,PREPARATION,1.1171092712637394
23249347,test,PREPARATION,1.1234431153124749
23391130,test,PREPARATION,1.1019076530599243
23391838,test,PREPARATION,1.1054268631121331
23394712,test,PREPARATION,1.1614824865525215
23410032,test,PREPARATION,1.1722860906061325
23460411,test,PREPARATION,1.1307541575820044
23512930,test,PREPARATION,1.1184797789088334
23527247,test,PREPARATION,1.201786036389325
23553547,test,PREPARATION,1.200823952019237
23574539,test,PREPARATION,1.1794732616978663
23588273,test,PREPARATION,1.0771219960563518
23633412,test,PREPARATION,1.0742769036347464
23733029,test,PREPARATION,1.1010328230184807
23810119,test,PREPARATION,1.1579567392420393
23840533,test,PREPARATION,1.250045637623531
23901117,test,PREPARATION,1.1209870854885766
23907764,test,PREPARATION,1.0653784318984139
23960206,test,PREPARATION,1.1755662159483664
24016726,test,PREPARATION,1.1753504975677402
24090513,test,PREPARATION,1.1147598137304147
24125791,test,PREPARATION,1.0915832923468067
24196947,test,PREPARATION,1.1234724190987952
24205198,test,PREPARATION,1.2297127916280972
24227721,test,PREPARATION,1.174240353202597
24464423,test,PREPARATION,1.1703711342187755
24507118,test,PREPARATION,1.1188837433474645
24695723,test,PREPARATION,1.1593785038616424
24728838,test,PREPARATION,1.1805203950373884
24828642,test,PREPARATION,1.1526840971923018
24872557,test,PREPARATION,1.1499466935767182
24893740,test,PREPARATION,1.1503477354014897
24962992,test,PREPARATION,1.2732282326565758
25016248,test,PREPARATION,1.1100992409758728
25086203,test,PREPARATION,1.0625801336366194
25101865,test,PREPARATION,1.2548128157817975
25110231,test,PREPARATION,1.1814532664130242
25148078,test,PREPARATION,1.2229977113796167
25150928,test,PREPARATION,1.2322041813715034
25170555,test,PREPARATION,1.2603041476652115
25209289,test,PREPARATION,1.2250113080492462
25228872,test,PREPARATION,1.0888719928440416
25265551,test,PREPARATION,1.1205477949956233
25344114,test,PREPARATION,1.1850205594378704
25390206,test,PREPARATION,1.1037849144768361
25394198,test,PREPARATION,1.0685433929785926
25411490,test,PREPARATION,1.2025663180801072
25438976,test,PREPARATION,1.1459146906893387
25463468,test,PREPARATION,1.200022978175756
25613901,test,PREPARATION,1.1090768791498313
25640962,test,PREPARATION,1.2115388961692959
25642386,test,PREPARATION,1.321439142304847
25762911,test,PREPARATION,1.113569724670146
25767441,test,PREPARATION,1.1730064423277236
25788668,test,PREPARATION,1.1846524567749275
25862672,test,PREPARATION,1.1123793784904432
26018874,test,PREPARATION,1.1923882075875294
26067832,test,PREPARATION,1.105089636594096
26085638,test,PREPARATION,1.2800609972833248
26088973,test,PREPARATION,1.1661466040847077
26150519,test,PREPARATION,1.2327642712400035
26204262,test,PREPARATION,1.1825785935204731
26206300,test,PREPARATION,1.1409494164565874
26248537,test,PREPARATION,1.2077675119198588
26269633,test,PREPARATION,1.210627418761427
26287488,test,PREPARATION,1.280736366356728
26317858,test,PREPARATION,1.0955638288275757
26341950,test,PREPARATION,1.0715295319489198
26413475,test,PREPARATION,1.167655896400486
26440813,test,PREPARATION,1.1052429820460568
26467643,test,PREPARATION,1.1411264929724945
26594629,test,PREPARATION,1.2126663265305277
26725925,test,PREPARATION,1.105538796710663
26743627,test,PREPARATION,1.1021045152219235
26773910,test,PREPARATION,1.10915031522946
26807336,test,PREPARATION,1.1842216620587933
26821847,test,PREPARATION,1.2134929394289942
26825441,test,PREPARATION,1.089339869822027
26900571,test,PREPARATION,1.1060979974783154
27096431,test,PREPARATION,1.1876613564444989
27114174,test,PREPARATION,1.1521372468609428
27243614,test,PREPARATION,1.1059345329481498
27283002,test,PREPARATION,1.162556710643608
27329770,test,PREPARATION,1.155025864642395
27375419,test,PREPARATION,1.1440902799932022
27417053,test,PREPARATION,1.146708491219864
27498040,test,PREPARATION,1.1505318411819119
27601982,test,PREPARATION,1.2557076865845203
27679564,test,PREPARATION,1.217898220748907
27693668,test,PREPARATION,1.1189270811783953
27718507,test,PREPARATION,1.1344009659316732
27746728,test,PREPARATION,1.2401039261038052
27846290,test,PREPARATION,1.153709575648638
27852776,test,PREPARATION,1.1314629036625878
27917562,test,PREPARATION,1.0646307387194147
27942447,test,PREPARATION,1.0789226906365643
27942855,test,PREPARATION,1.1388182692519275
28054126,test,PREPARATION,1.1235364690183607
28180068,test,PREPARATION,1.1036137532557477
28294712,test,PREPARATION,1.1753079686151027
28463748,test,PREPARATION,1.0889719138326872
28680397,test,PREPARATION,1.0683238607275587
28687518,test,PREPARATION,1.038864036479255
28713255,test,PREPARATION,1.11164486212108
28821649,test,PREPARATION,1.2207165092949972
28856425,test,PREPARATION,1.118977490487075
28893930,test,PREPARATION,1.2235377768974005
28917165,test,PREPARATION,1.202153149079174
29021739,test,PREPARATION,1.233252400490093
29079398,test,PREPARATION,1.1139555288835241
29159044,test,PREPARATION,1.214602968675045
29159055,test,PREPARATION,1.1947091079457888
29247666,test,PREPARATION,1.1570123464489868
29258852,test,PREPARATION,1.1709201735368566
29264112,test,PREPARATION,1.1412721933086634
29294431,test,PREPARATION,1.1908992510794094
29408525,test,PREPARATION,1.2512797903982589
29431647,test,PREPARATION,1.2077577474252654
29486001,test,PREPARATION,1.2335794915999962
29498761,test,PREPARATION,1.212437488379053
29567424,test,PREPARATION,1.0707796817100628
29593518,test,PREPARATION,1.198795611464824
29660636,test,PREPARATION,1.043198527404897
30006292,test,PREPARATION,1.2261390243754515
30040855,test,PREPARATION,1.1121640248844047
10518175,test,EMOTION,1.1749633653849312
15225144,test,EMOTION,1.152705049023024
18342424,test,EMOTION,1.16659093047309
18620906,test,EMOTION,1.1338600085721253
19686782,test,EMOTION,1.1183201554801625
21498384,test,EMOTION,1.0872210867299021
21590504,test,EMOTION,1.3003196748901495
22895705,test,EMOTION,1.236397878525472
23570916,test,EMOTION,1.2616246304968792
24396008,test,EMOTION,1.190559349273116
26888926,test,EMOTION,1.1782563560776684
27842291,test,EMOTION,1.2013959481234173
29358913,test,EMOTION,1.0881387409936276
12353242,test,LANGUAGE,1.4287296597718833
17488205,test,LANGUAGE,1.419006853680185
18072277,test,LANGUAGE,1.2283982209744733
19805418,test,LANGUAGE,1.2316797113586648
20219991,test,LANGUAGE,1.446854201533925
20933062,test,LANGUAGE,1.4175563131221751
20954937,test,LANGUAGE,1.215095105388081
21159952,test,LANGUAGE,1.2699963012887057
21641022,test,LANGUAGE,1.3780374023225193
21813693,test,LANGUAGE,1.4177761066325196
22927897,test,LANGUAGE,1.543435865929155
25962953,test,LANGUAGE,1.2762634881433474
25998957,test,LANGUAGE,1.37892780092641
26583355,test,LANGUAGE,1.4431694192402098
26818505,test,LANGUAGE,1.2622658487194638
27851821,test,LANGUAGE,1.2902743311155798
27903727,test,LANGUAGE,1.2957300134709786
28869842,test,LANGUAGE,1.337241728193313
18309087,test,REWARD,1.7915185647141865
21195418,test,REWARD,1.5624008889988703
23893850,test,REWARD,1.6849001291781127
8642414,test,REPRESENTATION,1.0808925848474005
10195113,test,REPRESENTATION,1.0846382219842876
10619415,test,REPRESENTATION,1.109783146088408
10624956,test,REPRESENTATION,1.1852252938144283
11168567,test,REPRESENTATION,1.1292534638157392
11182099,test,REPRESENTATION,1.17477120588469
11257978,test,REPRESENTATION,1.0646033390199225
11926931,test,REPRESENTATION,1.0789137087664749
12653987,test,REPRESENTATION,1.1732055719660097
12713654,test,REPRESENTATION,1.1020051256658545
12812832,test,REPRESENTATION,1.0734617154451964
14511835,test,REPRESENTATION,1.0506190227510726
15627583,test,REPRESENTATION,1.0982775646740084
15978022,test,REPRESENTATION,1.0128425701237602
16005247,test,REPRESENTATION,0.9955315830512627
16648452,test,REPRESENTATION,1.1114788301237886
16779799,test,REPRESENTATION,1.1259883312385004
17499172,test,REPRESENTATION,1.1515865231248286
17717657,test,REPRESENTATION,1.1178388769224537
17897405,test,REPRESENTATION,1.0328477611537297
18063476,test,REPRESENTATION,1.1622074458793203
18435752,test,REPRESENTATION,1.0719787903605387
18465800,test,REPRESENTATION,1.027759042246989
18797855,test,REPRESENTATION,1.132568850878808
19243925,test,REPRESENTATION,0.974830023969587
19288466,test,REPRESENTATION,1.125124027894885
19587274,test,REPRESENTATION,1.103721826278168
19596405,test,REPRESENTATION,1.0300696529260958
19619661,test,REPRESENTATION,1.139025389836902
19702467,test,REPRESENTATION,1.17839780379573
19715764,test,REPRESENTATION,1.0583917109062697
19771159,test,REPRESENTATION,1.1505891515711149
19837179,test,REPRESENTATION,1.016177045584425
21425391,test,REPRESENTATION,0.9731433762799365
21666127,test,REPRESENTATION,0.9987762942103036
22108343,test,REPRESENTATION,1.089352349678978
22137181,test,REPRESENTATION,1.0378649903914006
22235032,test,REPRESENTATION,1.1452272302411837
22708629,test,REPRESENTATION,1.085907476068482
22941501,test,REPRESENTATION,1.0789873798293979
23303932,test,REPRESENTATION,1.0890514736523933
23404335,test,REPRESENTATION,1.0977814741553618
23954317,test,REPRESENTATION,1.059909215912745
24513528,test,REPRESENTATION,1.044342699303599
24702449,test,REPRESENTATION,1.1518941797624556
24742157,test,REPRESENTATION,1.092363165473972
26129732,test,REPRESENTATION,1.110320607635436
27014015,test,REPRESENTATION,1.0615723353204882
27402599,test,REPRESENTATION,1.0841188687547645
28338791,test,REPRESENTATION,1.018249613225503
28821668,test,REPRESENTATION,1.1399944303826697
29086468,test,REPRESENTATION,1.1157427948125724
16082657,test,MEMORY,1.122123917774212
19682867,test,MEMORY,1.1614860856350804
20594938,test,MEMORY,1.2317532275521266
22640391,test,MEMORY,1.0480516699855364
25323387,test,MEMORY,1.1956695202891414
25757652,test,MEMORY,1.2457333851084227
26156558,test,MEMORY,1.2272808844431675
27551668,test,MEMORY,1.1429961923127419
27714554,test,MEMORY,1.2003875098845485
29588124,test,MEMORY,1.196130729208753
18160646,test,DECISION_MAKING,1.2750790072183344
18634888,test,DECISION_MAKING,1.3368190837731788
19211872,test,DECISION_MAKING,1.1704556030628999
19929329,test,DECISION_MAKING,1.24766287362036
21145211,test,DECISION_MAKING,1.221360828682179
24302894,test,DECISION_MAKING,1.2528803198840692
24512819,test,DECISION_MAKING,1.073575612559081
24777394,test,DECISION_MAKING,1.317261578643311
25027223,test,DECISION_MAKING,1.1679218416817108
25280778,test,DECISION_MAKING,1.353840937584274
25365800,test,DECISION_MAKING,1.4208516318272009
26918589,test,DECISION_MAKING,1.2552429073174693
28575424,test,DECISION_MAKING,1.2381190388225414
8592204,test,MEANING,1.1795521607848138
8855347,test,MEANING,1.0590558881715793
10096413,test,MEANING,1.324153053393607
11100155,test,MEANING,1.1513533124067152
12948717,test,MEANING,1.2427002480964289
15120536,test,MEANING,1.2222499358023942
15721961,test,MEANING,1.238412151259405
15993766,test,MEANING,1.1615013709104185
16343950,test,MEANING,1.0895115325031255
16547922,test,MEANING,1.1864967661468389
17716696,test,MEANING,1.1065621844776332
17963998,test,MEANING,1.0938364936340244
18380676,test,MEANING,1.172120157397301
18395761,test,MEANING,1.2598426092357726
18403397,test,MEANING,1.0856211316552025
18578598,test,MEANING,1.1972016596609767
18675362,test,MEANING,1.1194465160673785
20004724,test,MEANING,1.1736456379704792
20720103,test,MEANING,1.1342793487305993
20884357,test,MEANING,1.239026518958478
21600291,test,MEANING,1.070262162386612
21908871,test,MEANING,1.2002196530560338
23249348,test,MEANING,1.2131349360977353
23287569,test,MEANING,1.1282101322129638
24725071,test,MEANING,1.1167658226651604
24840874,test,MEANING,1.0986429907462747
25797097,test,MEANING,1.1783873781241714
26074801,test,MEANING,1.254034860932507
26159324,test,MEANING,1.0672989128033028
26901644,test,MEANING,1.148264197870244
28870853,test,MEANING,1.2176920842594758
10896168,test,EPISODIC_MEMORY,1.1656744867051967
12477696,test,EPISODIC_MEMORY,1.2595538213188473
12657700,test,EPISODIC_MEMORY,1.2406771426417
12670429,test,EPISODIC_MEMORY,1.2573708183797057
14741683,test,EPISODIC_MEMORY,1.2583332538557628
15689557,test,EPISODIC_MEMORY,1.274085726016071
17012294,test,EPISODIC_MEMORY,1.2195544173652657
17029986,test,EPISODIC_MEMORY,1.2618526825410281
17350289,test,EPISODIC_MEMORY,1.257889523497325
17768265,test,EPISODIC_MEMORY,1.2905901233880832
18234685,test,EPISODIC_MEMORY,1.3116311189541885
18490028,test,EPISODIC_MEMORY,1.169039280548895
18820289,test,EPISODIC_MEMORY,1.2603631589557711
19199424,test,EPISODIC_MEMORY,1.2164614341485327
19301997,test,EPISODIC_MEMORY,1.1572758600120698
19553452,test,EPISODIC_MEMORY,1.328315546016791
19641018,test,EPISODIC_MEMORY,1.234720899116015
19925208,test,EPISODIC_MEMORY,1.3336901335966593
20079444,test,EPISODIC_MEMORY,1.2352482636053628
20570684,test,EPISODIC_MEMORY,1.1508966983140787
20631183,test,EPISODIC_MEMORY,1.4466547536951118
21035553,test,EPISODIC_MEMORY,1.3564894729465724
21248058,test,EPISODIC_MEMORY,1.287973475109416
21262244,test,EPISODIC_MEMORY,1.2147826237933868
21640840,test,EPISODIC_MEMORY,1.3426952576759241
21671733,test,EPISODIC_MEMORY,1.2454060266459408
21898674,test,EPISODIC_MEMORY,1.2285306143571877
22102548,test,EPISODIC_MEMORY,1.2271296807247778
22159109,test,EPISODIC_MEMORY,1.1680526554485726
22765637,test,EPISODIC_MEMORY,1.2036329744186047
22800807,test,EPISODIC_MEMORY,1.321779709700538
23313012,test,EPISODIC_MEMORY,1.2492839352137528
23314939,test,EPISODIC_MEMORY,1.1800478944884543
23553546,test,EPISODIC_MEMORY,1.1439026609597183
23670951,test,EPISODIC_MEMORY,1.2653180983238772
23806136,test,EPISODIC_MEMORY,1.2444903338522597
24550152,test,EPISODIC_MEMORY,1.234493497923849
24798224,test,EPISODIC_MEMORY,1.1579145871706304
25154706,test,EPISODIC_MEMORY,1.2195821420501993
25319690,test,EPISODIC_MEMORY,1.2169401852630561
25630307,test,EPISODIC_MEMORY,1.3311044000529442
25631058,test,EPISODIC_MEMORY,1.2453745247895012
25862563,test,EPISODIC_MEMORY,1.2420790174605454
26478961,test,EPISODIC_MEMORY,1.265705066178578
27054401,test,EPISODIC_MEMORY,1.247395062148026
27182810,test,EPISODIC_MEMORY,1.2174845232681304
27206426,test,EPISODIC_MEMORY,1.2263413708453028
28733247,test,EPISODIC_MEMORY,1.2202422224234535
11438629,test,COGNITIVE_CONTROL,1.1392504307627982
15377736,test,COGNITIVE_CONTROL,0.9681493521448421
16150611,test,COGNITIVE_CONTROL,1.180728271367161
16387476,test,COGNITIVE_CONTROL,1.2315836016879436
17292631,test,COGNITIVE_CONTROL,0.9943777730846853
18158370,test,COGNITIVE_CONTROL,1.2128073977532792
20598752,test,COGNITIVE_CONTROL,1.05181261898058
23468100,test,COGNITIVE_CONTROL,1.170340979835901
25057466,test,COGNITIVE_CONTROL,1.0618666891576138
25258037,test,COGNITIVE_CONTROL,1.1397775617903072
26162554,test,COGNITIVE_CONTROL,1.2086829227683629
26417846,test,COGNITIVE_CONTROL,1.072405843164216
27242492,test,COGNITIVE_CONTROL,1.1171553590138437
27374278,test,COGNITIVE_CONTROL,1.2154945383989078
27378890,test,COGNITIVE_CONTROL,0.9837069029252931
27832450,test,COGNITIVE_CONTROL,1.1450927181539903
28594841,test,COGNITIVE_CONTROL,1.1977230924761033
29725294,test,COGNITIVE_CONTROL,1.1476237968135852
14683707,test,AROUSAL,1.1036202304996356
16247013,test,AROUSAL,1.1224739916255928
17224134,test,AROUSAL,1.165898191111218
17274020,test,AROUSAL,1.1918994287378155
17375140,test,AROUSAL,1.1002781494844929
17996464,test,AROUSAL,1.1303939177666376
18097655,test,AROUSAL,0.9886144644734433
18540915,test,AROUSAL,1.1430622784021396
19028527,test,AROUSAL,1.1051527408474329
19760243,test,AROUSAL,1.1555619903223653
19932468,test,AROUSAL,1.0759596190596612
20731627,test,AROUSAL,1.1117679124165694
21695536,test,AROUSAL,1.1057852880958914
21703783,test,AROUSAL,1.1018623040699407
21826761,test,AROUSAL,1.1506742897441182
21938756,test,AROUSAL,1.1599632941210054
22047730,test,AROUSAL,0.9574190650655987
22097928,test,AROUSAL,1.0506661353597528
22319607,test,AROUSAL,1.1516763747734424
22524295,test,AROUSAL,1.0916213738029417
22928000,test,AROUSAL,1.0651971714096735
23201365,test,AROUSAL,1.0064855808067275
23223206,test,AROUSAL,1.0046256483199139
23683790,test,AROUSAL,1.0722570474242814
23791396,test,AROUSAL,1.0513025344641282
23920122,test,AROUSAL,1.1056294361583392
23978392,test,AROUSAL,1.112706152452581
24586543,test,AROUSAL,1.2194267240444245
25447301,test,AROUSAL,1.0846428326877258
25514518,test,AROUSAL,0.998800668453405
25552570,test,AROUSAL,1.0305445690478239
25578796,test,AROUSAL,1.017585166855175
25704752,test,AROUSAL,1.173436004641069
26254587,test,AROUSAL,1.1003587675247255
26439265,test,AROUSAL,0.942897772539949
26826511,test,AROUSAL,1.1303849694212262
26879624,test,AROUSAL,1.2318059086205557
26971049,test,AROUSAL,1.1762464344609334
27975159,test,AROUSAL,1.1323990613543697
28641131,test,AROUSAL,1.13297193394227
28699704,test,AROUSAL,1.04941071676586
29243122,test,AROUSAL,1.1292611825192667
29313253,test,AROUSAL,1.1757823162591048
29464814,test,AROUSAL,1.1796749650134764
29644568,test,AROUSAL,0.9940446923474928
21185518,test,THOUGHT,1.14348629786426
22563003,test,THOUGHT,1.1767052973289833
23099059,test,THOUGHT,1.155671060388524
23179063,test,THOUGHT,1.1318685658077465
23428568,test,THOUGHT,1.0691615332153719
24582805,test,THOUGHT,1.007694612932221
25416642,test,THOUGHT,1.1633133821787933
25698637,test,THOUGHT,1.1579752794742335
25790002,test,THOUGHT,1.1957417355113176
26215473,test,THOUGHT,1.1756412588307597
27213610,test,THOUGHT,1.197361371187491
27742666,test,THOUGHT,1.1041399812835544
27814379,test,THOUGHT,1.044365260179675
27881783,test,THOUGHT,1.0982162645094085
29723244,test,THOUGHT,1.120006663514099
16255007,test,EXPECTANCY,1.4181299634286941
23664683,test,EXPECTANCY,1.3742850552485062
23978653,test,EXPECTANCY,1.5096437576952175
24595036,test,EXPECTANCY,1.300926420568249
9927549,test,WORD,1.2523333098086475
10417250,test,WORD,1.2777437577779525
11798383,test,WORD,1.292802520419952
11988177,test,WORD,1.279078529065868
12667849,test,WORD,1.164244334891716
14615297,test,WORD,1.2120013271014212
15003179,test,WORD,1.1738771451757921
15091345,test,WORD,1.2191737154494315
15094461,test,WORD,1.0840656549744097
15166097,test,WORD,1.19018526031353
15219589,test,WORD,1.1507712279356352
16126414,test,WORD,1.222162755639097
17011212,test,WORD,1.2247790602876818
17274021,test,WORD,1.157522081546306
17370339,test,WORD,1.0582080553679156
17604879,test,WORD,1.0698013405506874
17720148,test,WORD,1.1117448920365032
18639469,test,WORD,1.2903090873944352
18725239,test,WORD,1.1987987533541795
19488674,test,WORD,1.1591060243862665
19647038,test,WORD,1.1420171689341259
19687294,test,WORD,1.1813236446387143
20532906,test,WORD,1.1344236901021092
20934519,test,WORD,1.2079793391140663
20949093,test,WORD,1.1740917522478413
21554967,test,WORD,1.1613231466907277
21994390,test,WORD,1.3226388027652762
22248577,test,WORD,1.2002064639291818
22281240,test,WORD,1.2217984471559677
22384006,test,WORD,1.0884137114385295
22574280,test,WORD,1.16966391290802
22917951,test,WORD,1.1034545010280683
22936905,test,WORD,1.072082340787492
23348760,test,WORD,1.1348273305502494
23359269,test,WORD,1.2208157047093091
23497788,test,WORD,1.0482145083094991
23654223,test,WORD,1.1997942659275869
23728081,test,WORD,1.2658213416638626
23880958,test,WORD,1.1025693319032779
23906596,test,WORD,1.170940808906326
23994216,test,WORD,1.0684778041143004
24124929,test,WORD,1.1879656271586354
24262200,test,WORD,1.1703917318128214
24323497,test,WORD,1.0853093929493716
24456399,test,WORD,1.203895477216592
24904992,test,WORD,1.1717638267595976
25077489,test,WORD,1.2455879894369468
25268230,test,WORD,1.2239545109901298
26162617,test,WORD,1.1369863072871387
26335996,test,WORD,1.282129297381246
26673114,test,WORD,1.1242670351985817
26806289,test,WORD,1.182400711958426
26818506,test,WORD,1.1414443496641806
27583349,test,WORD,1.2433389508079873
28129058,test,WORD,1.156392078339357
28549645,test,WORD,1.0729886854715585
28970145,test,WORD,1.167840864946684
29020645,test,WORD,1.3100293256834619
29406962,test,WORD,1.0448032057146037
29655937,test,WORD,1.1760986638857436
29731712,test,WORD,1.1291081351185095
14993603,test,EXECUTION,1.766574186206665
17909772,test,EXECUTION,1.3981811561602873
23285086,test,EXECUTION,1.772367785482989
2296583,test,SEMANTIC_PROCESSING,1.1283117399703413
8673502,test,SEMANTIC_PROCESSING,1.2939260343935972
9918735,test,SEMANTIC_PROCESSING,1.3546514943106382
14568459,test,SEMANTIC_PROCESSING,1.3010791071716117
14741658,test,SEMANTIC_PROCESSING,1.1991388206757296
16781167,test,SEMANTIC_PROCESSING,1.3971288470243628
16855090,test,SEMANTIC_PROCESSING,1.3203263452899112
17196834,test,SEMANTIC_PROCESSING,1.2160151348862367
19046993,test,SEMANTIC_PROCESSING,1.174253349143777
19052212,test,SEMANTIC_PROCESSING,1.4193134236027722
19580874,test,SEMANTIC_PROCESSING,1.4444277691340905
19628276,test,SEMANTIC_PROCESSING,1.2600264211808376
20385153,test,SEMANTIC_PROCESSING,1.2126768775003152
20932914,test,SEMANTIC_PROCESSING,1.360498293183095
22555573,test,SEMANTIC_PROCESSING,1.232547356994101
22632812,test,SEMANTIC_PROCESSING,1.3506371634912
22672735,test,SEMANTIC_PROCESSING,1.2731557902071233
23672819,test,SEMANTIC_PROCESSING,1.2938099498618705
24129199,test,SEMANTIC_PROCESSING,1.1511929080461412
24135134,test,SEMANTIC_PROCESSING,1.324098477761035
24465965,test,SEMANTIC_PROCESSING,1.3279006733282372
25438031,test,SEMANTIC_PROCESSING,1.271259859946651
26505300,test,SEMANTIC_PROCESSING,1.3155366200721628
27523024,test,SEMANTIC_PROCESSING,1.2417867571644046
27669107,test,SEMANTIC_PROCESSING,1.3750002989418577
15193625,test,RETRIEVAL,
9882087,test,REACTION_TIME,1.175824838902266
10402199,test,REACTION_TIME,1.2794277178187312
10581226,test,REACTION_TIME,1.2409089872318357
10680763,test,REACTION_TIME,1.1363953740878008
10686183,test,REACTION_TIME,1.2115503426334318
11095716,test,REACTION_TIME,1.1219697995278688
11549618,test,REACTION_TIME,1.1069046403977036
11564326,test,REACTION_TIME,1.3007585451528239
12112767,test,REACTION_TIME,1.2669904093769726
12417766,test,REACTION_TIME,1.1176785572291839
12590844,test,REACTION_TIME,1.2271738952292743
12599276,test,REACTION_TIME,1.184598776436854
12668238,test,REACTION_TIME,1.2416565748412065
12805112,test,REACTION_TIME,1.271686117013119
12953304,test,REACTION_TIME,1.2360011352759586
15083528,test,REACTION_TIME,1.1535548184841078
15109993,test,REACTION_TIME,1.222489459346883
15142962,test,REACTION_TIME,1.187404227601058
15533557,test,REACTION_TIME,1.1968435825876944
15808982,test,REACTION_TIME,1.2289947378427322
16009569,test,REACTION_TIME,1.2007440967433363
16165371,test,REACTION_TIME,1.216529764174871
16199012,test,REACTION_TIME,1.1358680169080806
16290261,test,REACTION_TIME,1.235092691164737
16626974,test,REACTION_TIME,1.0199386819967993
16806317,test,REACTION_TIME,1.2310726034345216
16861335,test,REACTION_TIME,1.2178959669085123
16938439,test,REACTION_TIME,1.1714196230643905
17159232,test,REACTION_TIME,1.2254061206571205
17499456,test,REACTION_TIME,1.0408648810882073
18061483,test,REACTION_TIME,1.2178631889135099
18308708,test,REACTION_TIME,1.2293885212453843
18344173,test,REACTION_TIME,1.1575378230759894
18619668,test,REACTION_TIME,1.2645949570238824
18823245,test,REACTION_TIME,1.2064349799570777
19016600,test,REACTION_TIME,1.2325320522363197
19199402,test,REACTION_TIME,1.2162875424115125
19240140,test,REACTION_TIME,1.2569690141375882
19296728,test,REACTION_TIME,1.2495285381727046
19328233,test,REACTION_TIME,1.2665898252656593
19538948,test,REACTION_TIME,1.3030676706247655
19569073,test,REACTION_TIME,1.11957924546899
19621242,test,REACTION_TIME,1.301254868242908
20071459,test,REACTION_TIME,1.1791184645252955
20157373,test,REACTION_TIME,1.1555920716430974
20817203,test,REACTION_TIME,1.0187745826414047
20854914,test,REACTION_TIME,1.2215655498919447
21109010,test,REACTION_TIME,1.2846537680921197
21147136,test,REACTION_TIME,1.2458513339141546
21439268,test,REACTION_TIME,1.1845389170843912
21689852,test,REACTION_TIME,1.1534866977317462
21705060,test,REACTION_TIME,1.2201608481039528
21896334,test,REACTION_TIME,1.0327500084652932
21908447,test,REACTION_TIME,1.1685149218310822
22016480,test,REACTION_TIME,1.0778562773314593
22337757,test,REACTION_TIME,1.2730166488542873
22573195,test,REACTION_TIME,1.1027848023626228
23084460,test,REACTION_TIME,1.2594632756277169
23555020,test,REACTION_TIME,1.108346725200717
23568365,test,REACTION_TIME,1.2449888529345419
23796961,test,REACTION_TIME,1.1313660166021366
23816958,test,REACTION_TIME,1.2596864147054192
24405186,test,REACTION_TIME,1.1843244690249413
24557638,test,REACTION_TIME,1.2608641808669734
24578040,test,REACTION_TIME,1.121025881711473
24795158,test,REACTION_TIME,1.0586602518756365
24893737,test,REACTION_TIME,1.1600586411357232
25067812,test,REACTION_TIME,1.1485524857370175
25274576,test,REACTION_TIME,1.0200031675334476
25284304,test,REACTION_TIME,1.116953966414828
25726898,test,REACTION_TIME,1.2662591085187587
26019335,test,REACTION_TIME,1.141899569758637
26151102,test,REACTION_TIME,1.2565247577686711
27014040,test,REACTION_TIME,1.2211407348714427
27355179,test,REACTION_TIME,1.188633460693318
27779211,test,REACTION_TIME,1.0063085095484265
27827445,test,REACTION_TIME,1.066356383596119
28214981,test,REACTION_TIME,1.1913318515978712
28337410,test,REACTION_TIME,1.2827389464817827
29236772,test,REACTION_TIME,1.1912940370829317
29605594,test,REACTION_TIME,1.2749598363320258
29656269,test,REACTION_TIME,1.059639200699548
12967919,test,FEAR,1.0967241549255347
15450788,test,FEAR,1.1736203779231542
15701224,test,FEAR,1.085047849071885
15930371,test,FEAR,1.200462726716272
16239068,test,FEAR,1.1026936065071993
16973382,test,FEAR,1.1343927961690006
17617382,test,FEAR,1.1745873506931217
18344175,test,FEAR,1.1338198169275027
18541279,test,FEAR,1.2275001891658388
18822408,test,FEAR,1.1107560276881001
18930036,test,FEAR,1.1542458701625413
18979376,test,FEAR,1.103599309037322
18996489,test,FEAR,1.1843482339508098
19151376,test,FEAR,1.145524927942072
19446795,test,FEAR,1.2529299989926503
20520836,test,FEAR,1.2267751979942934
20723605,test,FEAR,1.1698935008836664
21382560,test,FEAR,1.132170895386007
21601433,test,FEAR,1.149014339112972
21683500,test,FEAR,1.1056702483820557
21731599,test,FEAR,1.1981862093376996
22112927,test,FEAR,1.0623573023766582
22621263,test,FEAR,0.9813025927264316
22768287,test,FEAR,1.1705756659186617
23660028,test,FEAR,1.1318079916756465
23681887,test,FEAR,1.1774591054983359
23754994,test,FEAR,1.0956264828687485
23861165,test,FEAR,1.125427094150746
24622213,test,FEAR,1.0859409398448117
25139308,test,FEAR,1.072784605092025
25184294,test,FEAR,1.1411872858272154
25258246,test,FEAR,1.0416740612237656
25309400,test,FEAR,1.1349216353458724
25438046,test,FEAR,1.186447905906721
25439326,test,FEAR,1.1642755798030167
25465122,test,FEAR,1.0989339245468466
25542304,test,FEAR,1.0796825166503226
25573399,test,FEAR,1.0999273389828972
25937342,test,FEAR,1.1843897354447972
26196669,test,FEAR,1.0707296743707408
26219630,test,FEAR,1.0817610976687713
26347227,test,FEAR,1.1094291279822188
26757433,test,FEAR,1.096451668266071
26803059,test,FEAR,1.0865721292966974
26808504,test,FEAR,1.1154026347799215
26908317,test,FEAR,1.1874332093058604
26958462,test,FEAR,1.0698356275778742
27272198,test,FEAR,1.1989645071837047
27329685,test,FEAR,1.2172198072384461
27853428,test,FEAR,1.0920919992373317
27898705,test,FEAR,1.1823412747803335
27988321,test,FEAR,1.2057326321764046
28123948,test,FEAR,1.1115293623699596
28375210,test,FEAR,1.1781547639032235
28844425,test,FEAR,1.1997525648633258
28959198,test,FEAR,1.1468721279181489
29619759,test,FEAR,1.0878775002324335
29688872,test,FEAR,1.1660683998447028
29723776,test,FEAR,1.1359279234932278
29947610,test,FEAR,1.1096390918573638
18511301,test,NEGATIVE_EMOTION,1.1470823705123057
18987188,test,NEGATIVE_EMOTION,1.15494351568024
20600966,test,NEGATIVE_EMOTION,1.1253345623342506
21071182,test,NEGATIVE_EMOTION,1.1666779864509913
21208991,test,NEGATIVE_EMOTION,1.1201877200992887
21254801,test,NEGATIVE_EMOTION,1.1559116488027792
23090212,test,NEGATIVE_EMOTION,1.1337413123525732
23129993,test,NEGATIVE_EMOTION,1.2309190593272576
23981052,test,NEGATIVE_EMOTION,1.228871581430242
24361634,test,NEGATIVE_EMOTION,0.9898978858434506
25453167,test,NEGATIVE_EMOTION,1.242790508601462
25545969,test,NEGATIVE_EMOTION,1.155610057293964
26084229,test,NEGATIVE_EMOTION,1.2514004123636668
27062552,test,NEGATIVE_EMOTION,1.1996448469251866
28226305,test,NEGATIVE_EMOTION,1.2278458582553833
29297960,test,NEGATIVE_EMOTION,1.2877811220166806
10619416,test,RECALL,1.2685592104207841
18434197,test,RECALL,1.3328402051605137
20817106,test,RECALL,1.2091522012122222
21550407,test,RECALL,1.1287451835181832
24909300,test,RECALL,1.1775578495434844
27189159,test,RECALL,1.1949694597281066
27738997,test,RECALL,1.2142680850699823
29869764,test,RECALL,1.25851020485501
18987206,test,LOSS,2.2577034568133763
19320552,test,LOSS,2.352147866031781
9345483,test,COGNITIVE_PROCESS,1.1427858225969054
9401596,test,COGNITIVE_PROCESS,1.1654228784812315
9749761,test,COGNITIVE_PROCESS,1.093086183712907
10388802,test,COGNITIVE_PROCESS,1.1198368204379563
10527065,test,COGNITIVE_PROCESS,1.160997889640444
10906317,test,COGNITIVE_PROCESS,1.1284063794446553
11002353,test,COGNITIVE_PROCESS,1.1742353417264395
11162272,test,COGNITIVE_PROCESS,1.169063184334186
11240106,test,COGNITIVE_PROCESS,1.1910317179005707
11506539,test,COGNITIVE_PROCESS,1.1710810510905052
11506651,test,COGNITIVE_PROCESS,1.155893848507265
11549616,test,COGNITIVE_PROCESS,1.1955329179957446
11559855,test,COGNITIVE_PROCESS,1.1379169276651557
11691685,test,COGNITIVE_PROCESS,1.1258790956239462
12429401,test,COGNITIVE_PROCESS,1.1187860783326686
12477708,test,COGNITIVE_PROCESS,1.1580560748386783
12672965,test,COGNITIVE_PROCESS,1.1240430694750305
12880846,test,COGNITIVE_PROCESS,1.114993538644681
12948712,test,COGNITIVE_PROCESS,1.1721272421417992
14568477,test,COGNITIVE_PROCESS,1.0949790911638901
14642464,test,COGNITIVE_PROCESS,1.232018948058148
14683715,test,COGNITIVE_PROCESS,1.085148263751592
14691061,test,COGNITIVE_PROCESS,1.092985854298666
14699419,test,COGNITIVE_PROCESS,1.1449157625952011
14741648,test,COGNITIVE_PROCESS,1.1268880603942577
15072672,test,COGNITIVE_PROCESS,1.2153165013804927
15193581,test,COGNITIVE_PROCESS,1.155161831947841
15275913,test,COGNITIVE_PROCESS,1.1492070384290842
15381021,test,COGNITIVE_PROCESS,1.15507756489267
15488409,test,COGNITIVE_PROCESS,1.1466485581209203
15489267,test,COGNITIVE_PROCESS,1.098594590614409
15528095,test,COGNITIVE_PROCESS,1.1126294082794006
15561504,test,COGNITIVE_PROCESS,1.1475633062496002
15616133,test,COGNITIVE_PROCESS,1.1611887470899451
15681032,test,COGNITIVE_PROCESS,1.218369462775968
15705612,test,COGNITIVE_PROCESS,1.0881324146164046
15728740,test,COGNITIVE_PROCESS,1.196927459726669
15734350,test,COGNITIVE_PROCESS,1.1577731868505527
15784430,test,COGNITIVE_PROCESS,1.1527926120742364
15862203,test,COGNITIVE_PROCESS,1.2001016054900615
15922156,test,COGNITIVE_PROCESS,1.1500292332131314
16045067,test,COGNITIVE_PROCESS,1.1516522830267097
16095920,test,COGNITIVE_PROCESS,1.1586240247014779
16199830,test,COGNITIVE_PROCESS,1.1768843860386355
16300969,test,COGNITIVE_PROCESS,1.14676100050518
16364137,test,COGNITIVE_PROCESS,1.0849225510920313
16400158,test,COGNITIVE_PROCESS,1.151654724112155
16452666,test,COGNITIVE_PROCESS,1.1250620931379869
16492377,test,COGNITIVE_PROCESS,1.1162738981740323
16568426,test,COGNITIVE_PROCESS,1.0863302813958366
16860474,test,COGNITIVE_PROCESS,1.087504096913233
17071109,test,COGNITIVE_PROCESS,1.1811526049770833
17133385,test,COGNITIVE_PROCESS,1.095890194621648
17150375,test,COGNITIVE_PROCESS,1.0878894481165862
17204433,test,COGNITIVE_PROCESS,1.1496988311767662
17222480,test,COGNITIVE_PROCESS,1.127962597153351
17240164,test,COGNITIVE_PROCESS,1.1597461538609575
17376703,test,COGNITIVE_PROCESS,1.152179138601872
17412720,test,COGNITIVE_PROCESS,1.1085609438797828
17448689,test,COGNITIVE_PROCESS,1.1712774269066364
17462914,test,COGNITIVE_PROCESS,1.2234266502051017
17598166,test,COGNITIVE_PROCESS,1.1581150625343186
17905481,test,COGNITIVE_PROCESS,1.1671210171739481
17916338,test,COGNITIVE_PROCESS,1.1625340641067772
17928444,test,COGNITIVE_PROCESS,1.1186931302086551
17960142,test,COGNITIVE_PROCESS,1.0854503626765095
17996813,test,COGNITIVE_PROCESS,1.1131183875465442
18155926,test,COGNITIVE_PROCESS,1.128807974422356
18172852,test,COGNITIVE_PROCESS,1.1458526501054853
18201907,test,COGNITIVE_PROCESS,1.08090789499046
18279364,test,COGNITIVE_PROCESS,1.1778017437619126
18400791,test,COGNITIVE_PROCESS,1.1746742525131821
18406434,test,COGNITIVE_PROCESS,1.1385430915052692
18468869,test,COGNITIVE_PROCESS,1.1356747967556238
18515149,test,COGNITIVE_PROCESS,1.0062750999576608
18674589,test,COGNITIVE_PROCESS,1.1137531431635197
18702587,test,COGNITIVE_PROCESS,1.0958165536978441
18840533,test,COGNITIVE_PROCESS,1.1836769790326898
19015835,test,COGNITIVE_PROCESS,1.1446138891971873
19095230,test,COGNITIVE_PROCESS,1.155728908257518
19107754,test,COGNITIVE_PROCESS,1.1340148703009525
19199412,test,COGNITIVE_PROCESS,1.1650956177757057
19324533,test,COGNITIVE_PROCESS,1.2230959676916902
19376244,test,COGNITIVE_PROCESS,1.1382550252164516
19401185,test,COGNITIVE_PROCESS,1.170473841095349
19410589,test,COGNITIVE_PROCESS,1.1434867429871718
19457383,test,COGNITIVE_PROCESS,1.1316134627932104
19554558,test,COGNITIVE_PROCESS,1.1759066003146361
19603410,test,COGNITIVE_PROCESS,1.1379096720402029
19647799,test,COGNITIVE_PROCESS,1.1314622375465835
19683584,test,COGNITIVE_PROCESS,1.136941392703643
19706320,test,COGNITIVE_PROCESS,1.110767690898425
19717167,test,COGNITIVE_PROCESS,1.1026775846957761
19744566,test,COGNITIVE_PROCESS,1.153808553418367
19775870,test,COGNITIVE_PROCESS,1.121024661239514
19811772,test,COGNITIVE_PROCESS,1.120877600622414
19854028,test,COGNITIVE_PROCESS,1.1081723141207678
19925175,test,COGNITIVE_PROCESS,1.1527169498143326
19945535,test,COGNITIVE_PROCESS,1.1765248966712025
20025982,test,COGNITIVE_PROCESS,1.1134616488083486
20035016,test,COGNITIVE_PROCESS,1.1560365784095603
20056152,test,COGNITIVE_PROCESS,1.135585466955807
20188190,test,COGNITIVE_PROCESS,1.154566552516757
20225278,test,COGNITIVE_PROCESS,1.1221990406201883
20418447,test,COGNITIVE_PROCESS,1.1119704861467727
20419095,test,COGNITIVE_PROCESS,1.1560741179391472
20451629,test,COGNITIVE_PROCESS,1.1306533362584374
20503114,test,COGNITIVE_PROCESS,1.1343825158759733
20615473,test,COGNITIVE_PROCESS,1.2092456650496621
20620213,test,COGNITIVE_PROCESS,1.1661417309911262
20715080,test,COGNITIVE_PROCESS,1.1378463706549349
20728548,test,COGNITIVE_PROCESS,1.19061857143832
20849925,test,COGNITIVE_PROCESS,1.0695569743753761
21147230,test,COGNITIVE_PROCESS,1.0744456140385958
21238468,test,COGNITIVE_PROCESS,1.157672206797763
21248113,test,COGNITIVE_PROCESS,1.1535405179194678
21255655,test,COGNITIVE_PROCESS,1.110813985408356
21272595,test,COGNITIVE_PROCESS,1.1596410142547329
21349341,test,COGNITIVE_PROCESS,1.1780612480855635
21452937,test,COGNITIVE_PROCESS,1.1577060107402535
21452942,test,COGNITIVE_PROCESS,1.1054539823778184
21458503,test,COGNITIVE_PROCESS,1.1414564531278397
21471360,test,COGNITIVE_PROCESS,1.1438990387392798
21497488,test,COGNITIVE_PROCESS,1.1088734558454494
21530557,test,COGNITIVE_PROCESS,1.1110845567721013
21567661,test,COGNITIVE_PROCESS,1.0744956820134681
21575660,test,COGNITIVE_PROCESS,1.1314969947573958
21642352,test,COGNITIVE_PROCESS,1.1230600887619817
21786091,test,COGNITIVE_PROCESS,1.1342271611952028
21795556,test,COGNITIVE_PROCESS,1.1532333166913598
21972426,test,COGNITIVE_PROCESS,1.148458880801505
21993055,test,COGNITIVE_PROCESS,1.0918618286284678
22000080,test,COGNITIVE_PROCESS,1.16232617198235
22053153,test,COGNITIVE_PROCESS,1.1458419641306412
22093949,test,COGNITIVE_PROCESS,1.2144744626519859
22178142,test,COGNITIVE_PROCESS,1.085987417182769
22238671,test,COGNITIVE_PROCESS,1.1278741580468068
22245641,test,COGNITIVE_PROCESS,1.1586199198042946
22266411,test,COGNITIVE_PROCESS,1.169136954794717
22267967,test,COGNITIVE_PROCESS,1.1645485035545242
22342463,test,COGNITIVE_PROCESS,1.0968653526006964
22363276,test,COGNITIVE_PROCESS,1.1846782942048384
22406281,test,COGNITIVE_PROCESS,1.127640478335345
22414993,test,COGNITIVE_PROCESS,1.1587151338749901
22505340,test,COGNITIVE_PROCESS,1.1548451159986144
22577221,test,COGNITIVE_PROCESS,1.063551164816319
22608404,test,COGNITIVE_PROCESS,1.152870519080706
22634854,test,COGNITIVE_PROCESS,1.1418312885216482
22659025,test,COGNITIVE_PROCESS,1.150102903597459
22701630,test,COGNITIVE_PROCESS,1.1079262227833213
22745745,test,COGNITIVE_PROCESS,1.1294433481007156
22776450,test,COGNITIVE_PROCESS,1.072292477134616
22848692,test,COGNITIVE_PROCESS,1.1271398053543253
22870240,test,COGNITIVE_PROCESS,1.0955347547854697
22884936,test,COGNITIVE_PROCESS,1.178847767893251
22889940,test,COGNITIVE_PROCESS,1.1433135394386325
22905823,test,COGNITIVE_PROCESS,1.165243368898905
22920262,test,COGNITIVE_PROCESS,1.1049935308541288
22987675,test,COGNITIVE_PROCESS,1.1023269539194986
23063444,test,COGNITIVE_PROCESS,1.1381669723111976
23081883,test,COGNITIVE_PROCESS,1.118617152038586
23234107,test,COGNITIVE_PROCESS,1.1175668362229465
23270876,test,COGNITIVE_PROCESS,1.1483020639586607
23510545,test,COGNITIVE_PROCESS,1.1525702375193672
23646167,test,COGNITIVE_PROCESS,1.1319054920405818
23800705,test,COGNITIVE_PROCESS,1.1136709842985635
23804086,test,COGNITIVE_PROCESS,1.1036895637534954
23813738,test,COGNITIVE_PROCESS,1.1848504817943761
23913255,test,COGNITIVE_PROCESS,1.0805750094150808
24062654,test,COGNITIVE_PROCESS,1.1213355311794297
24064075,test,COGNITIVE_PROCESS,1.089698835715053
24185018,test,COGNITIVE_PROCESS,1.0927700576448025
24186897,test,COGNITIVE_PROCESS,1.1209763995357005
24194828,test,COGNITIVE_PROCESS,1.1393673314054487
24214215,test,COGNITIVE_PROCESS,1.2094817909070412
24246489,test,COGNITIVE_PROCESS,1.1273130642921996
24269272,test,COGNITIVE_PROCESS,1.1466334671432976
24269856,test,COGNITIVE_PROCESS,1.1645768544140431
24275197,test,COGNITIVE_PROCESS,1.1671727280757338
24315034,test,COGNITIVE_PROCESS,1.1689326439279442
24431433,test,COGNITIVE_PROCESS,1.160793194020627
24466193,test,COGNITIVE_PROCESS,1.1742004844571747
24478354,test,COGNITIVE_PROCESS,1.1267917257480335
24534814,test,COGNITIVE_PROCESS,1.0919311193773023
24657305,test,COGNITIVE_PROCESS,1.1502107413720482
24659430,test,COGNITIVE_PROCESS,1.0883156621150882
24746954,test,COGNITIVE_PROCESS,1.1145082444127306
24830839,test,COGNITIVE_PROCESS,1.1524071995585226
24960046,test,COGNITIVE_PROCESS,1.0155321033770512
25067820,test,COGNITIVE_PROCESS,1.0891750880936764
25128588,test,COGNITIVE_PROCESS,1.1291562594933842
25140705,test,COGNITIVE_PROCESS,1.1379910891032095
25205663,test,COGNITIVE_PROCESS,1.2149816662222364
25222292,test,COGNITIVE_PROCESS,1.1206142781507604
25245813,test,COGNITIVE_PROCESS,1.0921431454778765
25309380,test,COGNITIVE_PROCESS,1.1957048003344546
25366500,test,COGNITIVE_PROCESS,1.0997049694073884
25392511,test,COGNITIVE_PROCESS,1.1156821311546985
25505319,test,COGNITIVE_PROCESS,1.1871111048282459
25557401,test,COGNITIVE_PROCESS,1.1378221799852226
25586959,test,COGNITIVE_PROCESS,1.139222044964423
25653582,test,COGNITIVE_PROCESS,1.1493574327974956
25659462,test,COGNITIVE_PROCESS,1.102791073805365
25665967,test,COGNITIVE_PROCESS,1.1232071174321796
25727574,test,COGNITIVE_PROCESS,1.115157487957141
25731996,test,COGNITIVE_PROCESS,1.1600158526621753
25774886,test,COGNITIVE_PROCESS,1.12947264950975
25820129,test,COGNITIVE_PROCESS,1.1146585324415534
25873873,test,COGNITIVE_PROCESS,1.0883951197025656
25907759,test,COGNITIVE_PROCESS,1.2059110573901886
25987597,test,COGNITIVE_PROCESS,1.1800270798183923
25999844,test,COGNITIVE_PROCESS,1.0936580425446647
26058882,test,COGNITIVE_PROCESS,1.0971801937548307
26197049,test,COGNITIVE_PROCESS,1.1071854842664972
26290236,test,COGNITIVE_PROCESS,1.0805483597301448
26333130,test,COGNITIVE_PROCESS,1.0934947719201886
26351854,test,COGNITIVE_PROCESS,1.1178558418882056
26427643,test,COGNITIVE_PROCESS,1.1750199487673478
26496709,test,COGNITIVE_PROCESS,1.125880793440945
26512314,test,COGNITIVE_PROCESS,1.090904840009986
26562059,test,COGNITIVE_PROCESS,1.2262893932458325
26586830,test,COGNITIVE_PROCESS,1.1459954693120544
26610651,test,COGNITIVE_PROCESS,1.1504691141093235
26613549,test,COGNITIVE_PROCESS,1.1395444512736599
26667844,test,COGNITIVE_PROCESS,1.1380507669555842
26777274,test,COGNITIVE_PROCESS,1.0992718624319202
26967943,test,COGNITIVE_PROCESS,1.2184519015040398
26975555,test,COGNITIVE_PROCESS,1.093620208901914
27001453,test,COGNITIVE_PROCESS,1.1068734514891505
27018483,test,COGNITIVE_PROCESS,1.155644987673486
27233825,test,COGNITIVE_PROCESS,1.178234882622209
27242465,test,COGNITIVE_PROCESS,1.1345876035772577
27406406,test,COGNITIVE_PROCESS,1.0838764906588854
27459935,test,COGNITIVE_PROCESS,1.1444471444965032
27466342,test,COGNITIVE_PROCESS,1.1994725469323504
27477592,test,COGNITIVE_PROCESS,1.142938696189392
27575389,test,COGNITIVE_PROCESS,1.1681489067248385
27601973,test,COGNITIVE_PROCESS,1.1296541305302068
27622396,test,COGNITIVE_PROCESS,1.143861938042873
27622781,test,COGNITIVE_PROCESS,1.1871695572927636
27633395,test,COGNITIVE_PROCESS,1.1205108498792358
27780529,test,COGNITIVE_PROCESS,1.1792382749323325
28073935,test,COGNITIVE_PROCESS,1.0870129129530905
28105707,test,COGNITIVE_PROCESS,1.1340991974470682
28374089,test,COGNITIVE_PROCESS,1.081558223689603
28506213,test,COGNITIVE_PROCESS,1.1214859199815053
28556306,test,COGNITIVE_PROCESS,1.1441931372475662
28578155,test,COGNITIVE_PROCESS,1.1570724587498196
28701942,test,COGNITIVE_PROCESS,1.0878989863599042
28951165,test,COGNITIVE_PROCESS,1.1559132639245
28980133,test,COGNITIVE_PROCESS,1.1419600750140984
28987904,test,COGNITIVE_PROCESS,1.186611548427966
29175612,test,COGNITIVE_PROCESS,1.0926843772666668
29339077,test,COGNITIVE_PROCESS,1.1422629959283948
29444466,test,COGNITIVE_PROCESS,1.1524723950236522
29512943,test,COGNITIVE_PROCESS,1.1494632894336492
29554542,test,COGNITIVE_PROCESS,1.1725599414511119
29582502,test,COGNITIVE_PROCESS,1.1353393645482024
29856823,test,COGNITIVE_PROCESS,1.1440131154376427
18585060,test,ANTICIPATION,1.1645669583189433
19492300,test,ANTICIPATION,1.2226888753496161
20025853,test,ANTICIPATION,1.0125266063083855
21508220,test,ANTICIPATION,1.1330320490454995
22910984,test,ANTICIPATION,1.199165607929232
24862938,test,ANTICIPATION,1.1289915411990945
26185010,test,ANTICIPATION,1.1453160317229332
26741696,test,ANTICIPATION,0.8985330730794053
27977717,test,ANTICIPATION,1.141785309802457
28560777,test,ANTICIPATION,1.129642992873901
11704074,test,ENCODING,1.272808920925338
16292319,test,ENCODING,1.0326191285748694
16510224,test,ENCODING,1.4638325282122189
17276751,test,ENCODING,1.3747383260132562
17932973,test,ENCODING,1.379674365522731
19015101,test,ENCODING,1.14223721893598
19734016,test,ENCODING,1.1232345703121993
20685091,test,ENCODING,1.2065302077040743
22206877,test,ENCODING,1.3088849560216973
22750720,test,ENCODING,1.1431672975865657
23530897,test,ENCODING,0.9150715488030718
23748501,test,ENCODING,1.1900966483827182
23751153,test,ENCODING,1.1703450742797934
25954169,test,ENCODING,1.3672374690215212
26635557,test,ENCODING,1.2157055789972135
28093475,test,ENCODING,1.0662266951662431
29133109,test,ENCODING,1.2932597913467818
10739412,test,FAMILIARITY,1.1619894888011133
11580903,test,FAMILIARITY,1.2703157638510023
11587890,test,FAMILIARITY,1.2539786960716626
15142964,test,FAMILIARITY,1.1709852041609417
15156146,test,FAMILIARITY,1.264456259755269
15275903,test,FAMILIARITY,1.279134264484443
15275907,test,FAMILIARITY,1.264497995013817
15850739,test,FAMILIARITY,1.276107919466958
15919215,test,FAMILIARITY,1.235532384160539
16123763,test,FAMILIARITY,1.0971974346281321
16257547,test,FAMILIARITY,1.2059559138034626
16473024,test,FAMILIARITY,1.1895998340306126
17077159,test,FAMILIARITY,1.2407259069134082
17714013,test,FAMILIARITY,1.2606132231140756
17894398,test,FAMILIARITY,1.2890170566969568
18258337,test,FAMILIARITY,1.3099550867981173
19240137,test,FAMILIARITY,1.2183751244646648
20677377,test,FAMILIARITY,1.2394249364963283
20800687,test,FAMILIARITY,1.214893890762524
21093970,test,FAMILIARITY,1.2953518927552377
21396384,test,FAMILIARITY,1.2691760304462374
23684978,test,FAMILIARITY,1.1345132414999104
24210423,test,FAMILIARITY,1.191015304113559
24564467,test,FAMILIARITY,1.186875525746801
24608131,test,FAMILIARITY,1.2574115912929216
25892594,test,FAMILIARITY,1.252116184205022
26175677,test,FAMILIARITY,1.2119131426313503
26683080,test,FAMILIARITY,1.2620484845118578
27899123,test,FAMILIARITY,1.1428923771864614
18672026,test,STRATEGY,2.22287139399626
28249785,test,STRATEGY,2.3716090798129392
22079656,test,REWARD_PROCESSING,1.3022121914740772
22876226,test,REWARD_PROCESSING,1.2051047366913887
23664619,test,REWARD_PROCESSING,1.2446895812072067
23922638,test,REWARD_PROCESSING,1.2613126713669864
25740507,test,REWARD_PROCESSING,1.2685199463643382
26598684,test,REWARD_PROCESSING,1.3335965528633806
14973239,test,ADDICTION,2.2842090075098973
18033767,test,ADDICTION,2.4980768249104566
12060018,test,HAND,1.0967996411745318
14745466,test,HAND,1.3849901752701166
15019713,test,HAND,1.3669499036495494
15808994,test,HAND,1.289652081303807
16529950,test,HAND,1.2096600969481228
17094120,test,HAND,1.206540853372632
17553017,test,HAND,1.1727451820946098
18938220,test,HAND,1.237685917107493
19344776,test,HAND,1.0891369579516588
19455411,test,HAND,1.245071078432643
20393066,test,HAND,1.1080354309638785
21179436,test,HAND,1.1922417565660306
21960496,test,HAND,1.133792541615152
22121040,test,HAND,1.228567006216122
24906703,test,HAND,1.1240885033285262
24927275,test,HAND,1.0261191799706575
27452859,test,HAND,1.278970357118443
28504361,test,HAND,1.0921044425385582
22510246,test,VALENCE,1.9462980956048126
27672554,test,VALENCE,2.1557089761720185
9989556,test,SOCIAL_COGNITION,1.242391588898617
16154166,test,SOCIAL_COGNITION,1.1212740278057545
16257239,test,SOCIAL_COGNITION,1.2291462936799429
18661503,test,SOCIAL_COGNITION,1.1863959070112802
19505993,test,SOCIAL_COGNITION,1.2508692446839311
19632283,test,SOCIAL_COGNITION,1.3155930461265377
22174872,test,SOCIAL_COGNITION,1.239623488373085
22398299,test,SOCIAL_COGNITION,1.2367943913152029
23658538,test,SOCIAL_COGNITION,1.0705192357090638
26585095,test,SOCIAL_COGNITION,1.270019733731688
27613508,test,SOCIAL_COGNITION,1.2692307257209845
29885085,test,SOCIAL_COGNITION,1.2145978765295595
11549617,test,HEARING,1.7648905930103482
15238446,test,HEARING,1.8066960975748259
19817808,test,HEARING,1.7907559451934068
25261349,test,HEARING,1.4452410651890237
10022496,test,SPEECH,1.1927570300442414
10509837,test,SPEECH,1.0770185757815691
10769317,test,SPEECH,1.015452542149352
10884059,test,SPEECH,1.1004294619620396
11742243,test,SPEECH,1.2935924587859362
12477703,test,SPEECH,1.2466898189104874
15217896,test,SPEECH,1.2038357459768552
16460792,test,SPEECH,1.1108668772085388
16530428,test,SPEECH,1.145093811152533
16556505,test,SPEECH,1.1059144253524444
17049276,test,SPEECH,1.2190454025147013
17890108,test,SPEECH,1.081078420253506
19345269,test,SPEECH,1.2654205127296874
19413945,test,SPEECH,1.1793984010374499
19948232,test,SPEECH,1.1959380006768918
20436911,test,SPEECH,1.0233832423259315
22330101,test,SPEECH,1.143995971066681
23019005,test,SPEECH,1.1129526359496558
26899433,test,SPEECH,1.0478515020193002
28753443,test,SPEECH,1.1040954482643146
29535619,test,SPEECH,1.2432765283268843
16624581,test,LANGUAGE_PROCESSING,1.4325752705422767
19015096,test,LANGUAGE_PROCESSING,1.6158747477508222
21600290,test,LANGUAGE_PROCESSING,1.5428985127603332
9210741,test,MOOD,1.0831670082847777
11549754,test,MOOD,1.1385085221641673
11997687,test,MOOD,1.165482773754048
12948690,test,MOOD,1.1191315499875947
14741678,test,MOOD,1.0636968874976502
15691521,test,MOOD,1.1330255249135808
16139812,test,MOOD,1.213670100145362
17400251,test,MOOD,1.0671707216934814
17481593,test,MOOD,1.1788911345178845
17579609,test,MOOD,1.1354300133204343
18353521,test,MOOD,1.1643664028046732
19015102,test,MOOD,1.1960403237264448
19321655,test,MOOD,1.1442349794580124
19418510,test,MOOD,1.1140641622868883
19423079,test,MOOD,1.152107019916199
19465137,test,MOOD,1.0121674765059963
19505585,test,MOOD,1.0820380556181592
19551135,test,MOOD,1.0300095171470476
19632301,test,MOOD,0.9800432196930409
19651401,test,MOOD,0.9850941710185197
20070577,test,MOOD,1.1448816338019503
20401747,test,MOOD,1.116800877475435
20528086,test,MOOD,1.0369266808627984
20537612,test,MOOD,1.0106975757707632
20655320,test,MOOD,1.1011142589294038
20696256,test,MOOD,1.1031151019501666
21389234,test,MOOD,1.030874216228132
22395084,test,MOOD,1.0830709635233446
22490172,test,MOOD,1.079169850698155
22574175,test,MOOD,1.0964063979922596
22623532,test,MOOD,1.0618594386692017
22659393,test,MOOD,1.107219881928621
22695257,test,MOOD,1.140990128007466
22987723,test,MOOD,1.0706226785488406
23155380,test,MOOD,1.056247777635845
23355265,test,MOOD,1.0645765548508896
23470285,test,MOOD,1.1771133608117854
23651705,test,MOOD,1.1994414965133322
23840392,test,MOOD,1.0712395021530505
23911835,test,MOOD,1.0769388366692905
23932225,test,MOOD,1.1752797623533993
24027512,test,MOOD,1.0893180780076803
24074717,test,MOOD,1.055939466833232
24493851,test,MOOD,1.0245602955256923
24904065,test,MOOD,1.0173400398843595
25483399,test,MOOD,1.0977141829361008
26070898,test,MOOD,1.1184171574414128
26522869,test,MOOD,1.215098040226819
26759791,test,MOOD,1.0729958503334822
26865423,test,MOOD,1.2099721615325667
27717769,test,MOOD,1.2346437895864562
28100219,test,MOOD,1.0615180834588338
29048603,test,MOOD,1.1173178184765338
29172052,test,MOOD,1.2922487312434645
29387529,test,MOOD,1.117968934684952
29615882,test,MOOD,1.1593588465397031
19744536,test,FEEDBACK,1.3817863199191398
24760844,test,FEEDBACK,1.5423816300094972
28712121,test,FEEDBACK,1.398783788556379
28736307,test,FEEDBACK,1.351857773253196
14568462,test,MOTOR_CONTROL,1.2889170301938526
15722208,test,MOTOR_CONTROL,1.1180823720244744
16139806,test,MOTOR_CONTROL,1.1452644933566114
16463149,test,MOTOR_CONTROL,1.3576253733226669
18311829,test,MOTOR_CONTROL,1.3399498154909686
18617569,test,MOTOR_CONTROL,1.1110652622568733
18632890,test,MOTOR_CONTROL,1.3333726984197878
21368084,test,MOTOR_CONTROL,1.210889089153167
21782030,test,MOTOR_CONTROL,1.1022500366728436
22492047,test,MOTOR_CONTROL,1.2874489902348385
22590522,test,MOTOR_CONTROL,1.2032463685740074
22611041,test,MOTOR_CONTROL,1.1490052103385298
22868063,test,MOTOR_CONTROL,1.1928468945746573
23769608,test,MOTOR_CONTROL,1.3243251886489473
25609637,test,MOTOR_CONTROL,1.365420557697676
26954693,test,MOTOR_CONTROL,1.1238973582910414
27381089,test,MOTOR_CONTROL,1.1801522152254282
