CLUSTER,TOKEN,R,ROC_AUC,DOMAIN,TITLE
1,episodic_memory,0.13717846252867888,0.5950096660113063,MEMORY,Memory
1,autobiographical_memory,0.13269007048189624,0.5950096660113063,MEMORY,Memory
1,memory,0.11522871768530253,0.5950096660113063,MEMORY,Memory
1,remembering,0.11232656236005764,0.5950096660113063,MEMORY,Memory
1,prospection,0.10338619602494599,0.5950096660113063,MEMORY,Memory
1,retrieval,0.10181102162754303,0.5950096660113063,MEMORY,Memory
1,memory_retrieval,0.10074213476737608,0.5950096660113063,MEMORY,Memory
1,episodic_simulation,0.09399201936225764,0.5950096660113063,MEMORY,Memory
1,recall,0.08831317538748591,0.5950096660113063,MEMORY,Memory
1,source_memory,0.08591652248069345,0.5950096660113063,MEMORY,Memory
1,thinking,0.08185416676079578,0.5950096660113063,MEMORY,Memory
1,theory_mind,0.08131548304575656,0.5950096660113063,MEMORY,Memory
1,consciousness,0.07922502459886087,0.5950096660113063,MEMORY,Memory
2,speech,0.1998958660933916,0.6371686734877969,LANGUAGE,Language
2,speech_perception,0.1937264890999633,0.6371686734877969,LANGUAGE,Language
2,speech_processing,0.18374713538825627,0.6371686734877969,LANGUAGE,Language
2,hearing,0.18304251107964964,0.6371686734877969,LANGUAGE,Language
2,listening,0.17637663083690114,0.6371686734877969,LANGUAGE,Language
2,language,0.15020856011761274,0.6371686734877969,LANGUAGE,Language
2,language_processing,0.13988310480206273,0.6371686734877969,LANGUAGE,Language
2,syllable,0.12949837232784753,0.6371686734877969,LANGUAGE,Language
2,prosody,0.12487512912121253,0.6371686734877969,LANGUAGE,Language
2,music,0.12428691812007993,0.6371686734877969,LANGUAGE,Language
2,tone,0.1220480296510306,0.6371686734877969,LANGUAGE,Language
2,passive_listening,0.11841830345217945,0.6371686734877969,LANGUAGE,Language
2,speech_production,0.11824263936613172,0.6371686734877969,LANGUAGE,Language
2,melody,0.11683517897923346,0.6371686734877969,LANGUAGE,Language
2,language_comprehension,0.11444231449506935,0.6371686734877969,LANGUAGE,Language
2,auditory_perception,0.11409581854383133,0.6371686734877969,LANGUAGE,Language
2,intonation,0.11081213663777073,0.6371686734877969,LANGUAGE,Language
2,semantic_processing,0.101010232156846,0.6371686734877969,LANGUAGE,Language
2,theory_mind,0.1002962211840035,0.6371686734877969,LANGUAGE,Language
2,sentence_processing,0.09956649719618303,0.6371686734877969,LANGUAGE,Language
2,pitch_discrimination,0.09761365826268542,0.6371686734877969,LANGUAGE,Language
3,face_perception,0.2089336955347577,0.6349909975790924,RECOGNITION,Recognition
3,face,0.1687631871777715,0.6349909975790924,RECOGNITION,Recognition
3,recognition,0.1468672839301675,0.6349909975790924,RECOGNITION,Recognition
3,face_recognition,0.14682014132253945,0.6349909975790924,RECOGNITION,Recognition
3,object_recognition,0.13203265621725385,0.6349909975790924,RECOGNITION,Recognition
3,familiarity,0.11509785285480414,0.6349909975790924,RECOGNITION,Recognition
4,working_memory,0.14297451817351073,0.6052233860459422,COGNITION,Cognition
4,cognitive_control,0.13156511271911736,0.6052233860459422,COGNITION,Cognition
4,monitoring,0.1133242020375617,0.6052233860459422,COGNITION,Cognition
4,cognitive,0.106397721278694,0.6052233860459422,COGNITION,Cognition
4,strategy,0.10254047848042576,0.6052233860459422,COGNITION,Cognition
4,executive_function,0.10247203525109,0.6052233860459422,COGNITION,Cognition
4,spatial_working_memory,0.09908346294103364,0.6052233860459422,COGNITION,Cognition
4,cognitive_process,0.09829937716809106,0.6052233860459422,COGNITION,Cognition
4,reaction_time,0.09713171104499874,0.6052233860459422,COGNITION,Cognition
4,manipulation,0.09552804690601052,0.6052233860459422,COGNITION,Cognition
4,response_selection,0.09268098447446547,0.6052233860459422,COGNITION,Cognition
4,maintenance,0.09244311851857474,0.6052233860459422,COGNITION,Cognition
4,attention,0.0862685859522081,0.6052233860459422,COGNITION,Cognition
4,error_detection,0.08576544664802697,0.6052233860459422,COGNITION,Cognition
4,goal,0.0843579127224978,0.6052233860459422,COGNITION,Cognition
4,task_set,0.0830829761300548,0.6052233860459422,COGNITION,Cognition
4,nback_task,0.08300628519205216,0.6052233860459422,COGNITION,Cognition
4,response_inhibition,0.07904331499922021,0.6052233860459422,COGNITION,Cognition
4,nback,0.0785382606954994,0.6052233860459422,COGNITION,Cognition
4,decision_making,0.07678414463534991,0.6052233860459422,COGNITION,Cognition
4,preparation,0.07675184831324418,0.6052233860459422,COGNITION,Cognition
4,cognition,0.07513555054364543,0.6052233860459422,COGNITION,Cognition
4,execution,0.07411445124481351,0.6052233860459422,COGNITION,Cognition
4,task_switching,0.07274632586328339,0.6052233860459422,COGNITION,Cognition
5,word,0.16544266538560964,0.6316310683911677,MEANING,Meaning
5,semantic_processing,0.15983649530640126,0.6316310683911677,MEANING,Meaning
5,language,0.15307360066923698,0.6316310683911677,MEANING,Meaning
5,language_processing,0.14166597977014622,0.6316310683911677,MEANING,Meaning
5,semantics,0.14163695125914785,0.6316310683911677,MEANING,Meaning
5,retrieval,0.13586130781976924,0.6316310683911677,MEANING,Meaning
5,sentence_comprehension,0.1250891950968192,0.6316310683911677,MEANING,Meaning
5,language_comprehension,0.1220783930154234,0.6316310683911677,MEANING,Meaning
5,sentence_processing,0.12099299803063955,0.6316310683911677,MEANING,Meaning
5,meaning,0.118035193265963,0.6316310683911677,MEANING,Meaning
5,syntax,0.11753727170562815,0.6316310683911677,MEANING,Meaning
5,semantic_knowledge,0.11417618519639808,0.6316310683911677,MEANING,Meaning
5,semantic_information,0.11053014745505184,0.6316310683911677,MEANING,Meaning
5,phonological_processing,0.11022431926457002,0.6316310683911677,MEANING,Meaning
5,phonology,0.10970437275239164,0.6316310683911677,MEANING,Meaning
5,judgment,0.10843414954628453,0.6316310683911677,MEANING,Meaning
5,cognitive_process,0.10756518900962116,0.6316310683911677,MEANING,Meaning
5,working_memory,0.10708077451223376,0.6316310683911677,MEANING,Meaning
5,reading,0.10607346890646327,0.6316310683911677,MEANING,Meaning
5,reaction_time,0.10448158567039746,0.6316310683911677,MEANING,Meaning
5,syntactic_processing,0.10339152534231448,0.6316310683911677,MEANING,Meaning
5,word_generation,0.10256722689674808,0.6316310683911677,MEANING,Meaning
5,cognitive_control,0.09521980457925157,0.6316310683911677,MEANING,Meaning
6,reward,0.1576537708083713,0.6088845143335356,AROUSAL,Arousal
6,reward_processing,0.12255468950548545,0.6088845143335356,AROUSAL,Arousal
6,valence,0.10830529352991858,0.6088845143335356,AROUSAL,Arousal
6,decision_making,0.1058248675710166,0.6088845143335356,AROUSAL,Arousal
6,emotion,0.09229249239251022,0.6088845143335356,AROUSAL,Arousal
6,social_cognition,0.0915918432773856,0.6088845143335356,AROUSAL,Arousal
6,reward_anticipation,0.09128330230154656,0.6088845143335356,AROUSAL,Arousal
6,arousal,0.0906501456060112,0.6088845143335356,AROUSAL,Arousal
6,autobiographical_memory,0.08977128378537882,0.6088845143335356,AROUSAL,Arousal
6,anticipation,0.08780007744056123,0.6088845143335356,AROUSAL,Arousal
6,intertemporal_choice,0.08382950920432422,0.6088845143335356,AROUSAL,Arousal
6,theory_mind,0.07938429254927085,0.6088845143335356,AROUSAL,Arousal
6,prospection,0.07875575996020417,0.6088845143335356,AROUSAL,Arousal
6,salience,0.07829859870915212,0.6088845143335356,AROUSAL,Arousal
6,mood,0.07631774567137507,0.6088845143335356,AROUSAL,Arousal
6,reward_learning,0.07426546257478242,0.6088845143335356,AROUSAL,Arousal
7,hearing,0.17716789131502025,0.6185192225427052,HEARING,Hearing
7,listening,0.1673881701837432,0.6185192225427052,HEARING,Hearing
7,speech,0.1528877610599536,0.6185192225427052,HEARING,Hearing
7,speech_perception,0.14332139219446027,0.6185192225427052,HEARING,Hearing
7,tone,0.13811169331347126,0.6185192225427052,HEARING,Hearing
7,music,0.1318641046395877,0.6185192225427052,HEARING,Hearing
7,speech_processing,0.1289132200537923,0.6185192225427052,HEARING,Hearing
7,melody,0.12431520621363586,0.6185192225427052,HEARING,Hearing
7,passive_listening,0.12166037485756134,0.6185192225427052,HEARING,Hearing
7,auditory_perception,0.11618174923679833,0.6185192225427052,HEARING,Hearing
7,audition,0.10019764250069607,0.6185192225427052,HEARING,Hearing
7,intonation,0.09510113957777168,0.6185192225427052,HEARING,Hearing
7,pain,0.09474368029674413,0.6185192225427052,HEARING,Hearing
7,voice_perception,0.09291344663778772,0.6185192225427052,HEARING,Hearing
7,prosody,0.09225283855610557,0.6185192225427052,HEARING,Hearing
7,painful_stimulation,0.09091092816688184,0.6185192225427052,HEARING,Hearing
7,syllable,0.09059930909715948,0.6185192225427052,HEARING,Hearing
7,speech_production,0.08995512207556969,0.6185192225427052,HEARING,Hearing
7,heat,0.08848252266791161,0.6185192225427052,HEARING,Hearing
7,auditory_feedback,0.0846173359688838,0.6185192225427052,HEARING,Hearing
7,pitch_discrimination,0.08334461395417939,0.6185192225427052,HEARING,Hearing
7,multisensory,0.08059564272514066,0.6185192225427052,HEARING,Hearing
7,phonation,0.07660077832121448,0.6185192225427052,HEARING,Hearing
7,phonetics,0.07422059141143297,0.6185192225427052,HEARING,Hearing
7,nonvocal_sound,0.07345328309742022,0.6185192225427052,HEARING,Hearing
8,emotion,0.19837975111555345,0.6538854004464599,EMOTION,Emotion
8,fear,0.19652945273812056,0.6538854004464599,EMOTION,Emotion
8,facial_expression,0.17510442943721033,0.6538854004464599,EMOTION,Emotion
8,valence,0.17130573382251285,0.6538854004464599,EMOTION,Emotion
8,memory,0.15425066498466258,0.6538854004464599,EMOTION,Emotion
8,arousal,0.15354571495598368,0.6538854004464599,EMOTION,Emotion
8,face,0.13837571670904508,0.6538854004464599,EMOTION,Emotion
8,emotional_memory,0.1378465905849975,0.6538854004464599,EMOTION,Emotion
8,declarative_memory,0.13457330238118345,0.6538854004464599,EMOTION,Emotion
8,episodic_memory,0.129289649325793,0.6538854004464599,EMOTION,Emotion
9,spatial_attention,0.16072053841678674,0.6116121309814371,VISION,Vision
9,attention,0.14811511848987066,0.6116121309814371,VISION,Vision
9,visual_attention,0.13989203115715282,0.6116121309814371,VISION,Vision
9,manipulation,0.12316079505745085,0.6116121309814371,VISION,Vision
9,visuospatial_attention,0.1227295472932702,0.6116121309814371,VISION,Vision
9,reaction_time,0.11855544851481567,0.6116121309814371,VISION,Vision
9,working_memory,0.1184319757756566,0.6116121309814371,VISION,Vision
9,eye_movement,0.11743118016424745,0.6116121309814371,VISION,Vision
9,eye,0.11738825742978085,0.6116121309814371,VISION,Vision
9,saccade,0.11392794393483265,0.6116121309814371,VISION,Vision
9,spatial,0.11317000047413135,0.6116121309814371,VISION,Vision
9,execution,0.1121107565480126,0.6116121309814371,VISION,Vision
9,vision,0.11127457444906327,0.6116121309814371,VISION,Vision
9,memory,0.10851291912555196,0.6116121309814371,VISION,Vision
9,spatial_working_memory,0.10769168425304376,0.6116121309814371,VISION,Vision
9,visual_angle,0.10762034737404387,0.6116121309814371,VISION,Vision
9,retrieval,0.10707218100229647,0.6116121309814371,VISION,Vision
9,strategy,0.10633073287239177,0.6116121309814371,VISION,Vision
9,memory_retrieval,0.1061637155329454,0.6116121309814371,VISION,Vision
9,covert,0.10325244266673224,0.6116121309814371,VISION,Vision
9,episodic_memory,0.10207603198155972,0.6116121309814371,VISION,Vision
9,mental_representation,0.10163230104247648,0.6116121309814371,VISION,Vision
9,spatial_location,0.1013994513201422,0.6116121309814371,VISION,Vision
9,visual_search,0.10133727669169744,0.6116121309814371,VISION,Vision
9,goal,0.10105187912893167,0.6116121309814371,VISION,Vision
10,reward,0.21471171357662305,0.6184185838194308,REWARD,Reward
10,reward_processing,0.17415503704392413,0.6184185838194308,REWARD,Reward
10,reward_anticipation,0.1628409929510792,0.6184185838194308,REWARD,Reward
10,anticipation,0.15370387837144125,0.6184185838194308,REWARD,Reward
10,monetary_incentive_delay_task,0.15059863988729733,0.6184185838194308,REWARD,Reward
10,instrumental_conditioning,0.12311656336985405,0.6184185838194308,REWARD,Reward
10,feedback,0.1196574689826651,0.6184185838194308,REWARD,Reward
10,reinforcement_learning,0.11427701840696705,0.6184185838194308,REWARD,Reward
10,expectancy,0.09989231510287758,0.6184185838194308,REWARD,Reward
10,reward_learning,0.09962672989903396,0.6184185838194308,REWARD,Reward
10,habit_learning,0.09214714412644588,0.6184185838194308,REWARD,Reward
10,motor_control,0.08851548901184264,0.6184185838194308,REWARD,Reward
11,word,0.14776804455760748,0.6288958360790047,WORD,Word
11,semantic_processing,0.1459370991229833,0.6288958360790047,WORD,Word
11,familiarity,0.13659639697289785,0.6288958360790047,WORD,Word
11,retrieval,0.1356003545337226,0.6288958360790047,WORD,Word
11,recognition,0.13037494195558094,0.6288958360790047,WORD,Word
11,memory,0.12549289289639826,0.6288958360790047,WORD,Word
11,semantic_knowledge,0.12380319052442874,0.6288958360790047,WORD,Word
11,naming,0.12347070532231158,0.6288958360790047,WORD,Word
11,recognition_memory,0.11783272604356225,0.6288958360790047,WORD,Word
11,picture,0.11642597868472195,0.6288958360790047,WORD,Word
11,episodic_memory,0.11604709731108925,0.6288958360790047,WORD,Word
11,word_recognition,0.1099713774259752,0.6288958360790047,WORD,Word
11,remembering,0.10957293094862183,0.6288958360790047,WORD,Word
11,semantic_memory,0.10915866005805386,0.6288958360790047,WORD,Word
11,semantic_information,0.10683017055094576,0.6288958360790047,WORD,Word
11,language,0.10602055246916277,0.6288958360790047,WORD,Word
11,face_perception,0.10334036253817498,0.6288958360790047,WORD,Word
11,reading,0.10202812526276388,0.6288958360790047,WORD,Word
11,visual_word_recognition,0.10202572391205474,0.6288958360790047,WORD,Word
11,lexicon,0.10158842714733796,0.6288958360790047,WORD,Word
11,meaning,0.10017587657687364,0.6288958360790047,WORD,Word
11,imageability,0.09997498136753023,0.6288958360790047,WORD,Word
11,semantics,0.09912227152773737,0.6288958360790047,WORD,Word
11,phonology,0.09609948181968622,0.6288958360790047,WORD,Word
11,encoding,0.09494391899705246,0.6288958360790047,WORD,Word
12,motor_control,0.11678731281696615,0.5653322412905364,EXECUTION,Execution
12,motor_learning,0.0983046948944004,0.5653322412905364,EXECUTION,Execution
12,execution,0.09589316657978644,0.5653322412905364,EXECUTION,Execution
12,movement,0.08496216660692768,0.5653322412905364,EXECUTION,Execution
12,coordination,0.07344897495095462,0.5653322412905364,EXECUTION,Execution
12,motor_planning,0.06838243951720427,0.5653322412905364,EXECUTION,Execution
12,motor_sequence_learning,0.06508269105516952,0.5653322412905364,EXECUTION,Execution
12,arm,0.06426307981982751,0.5653322412905364,EXECUTION,Execution
12,motor_activity,0.06373924987018471,0.5653322412905364,EXECUTION,Execution
12,skill,0.05908788316879069,0.5653322412905364,EXECUTION,Execution
12,rest,0.05830125607580111,0.5653322412905364,EXECUTION,Execution
12,covert,0.055584925222963474,0.5653322412905364,EXECUTION,Execution
12,visual_imagery,0.052776139939217835,0.5653322412905364,EXECUTION,Execution
12,imagination,0.052353877450470175,0.5653322412905364,EXECUTION,Execution
12,imagery,0.051841483575598264,0.5653322412905364,EXECUTION,Execution
12,hand,0.05065157867043443,0.5653322412905364,EXECUTION,Execution
12,skill_acquisition,0.04973682984754727,0.5653322412905364,EXECUTION,Execution
12,auditory_feedback,0.04948113766024732,0.5653322412905364,EXECUTION,Execution
12,planning,0.049429841793119,0.5653322412905364,EXECUTION,Execution
12,familiarity,0.04932009733987567,0.5653322412905364,EXECUTION,Execution
12,sequence_learning,0.04925274181140902,0.5653322412905364,EXECUTION,Execution
12,capsaicinevoked_pain,0.04792639328645587,0.5653322412905364,EXECUTION,Execution
12,rehearsal,0.045671558355964495,0.5653322412905364,EXECUTION,Execution
12,ataxia,0.045231398127637636,0.5653322412905364,EXECUTION,Execution
12,nociception,0.04444926419003988,0.5653322412905364,EXECUTION,Execution
13,memory,0.09102916480423187,0.5684386908895309,EPISODIC_MEMORY,Episodic Memory
13,declarative_memory,0.07648238892904356,0.5684386908895309,EPISODIC_MEMORY,Episodic Memory
13,episodic_memory,0.07368236212628541,0.5684386908895309,EPISODIC_MEMORY,Episodic Memory
13,recognition_memory,0.0725609841560359,0.5684386908895309,EPISODIC_MEMORY,Episodic Memory
13,episodic_simulation,0.07154895391808434,0.5684386908895309,EPISODIC_MEMORY,Episodic Memory
13,recall,0.06825330384043682,0.5684386908895309,EPISODIC_MEMORY,Episodic Memory
13,recognition,0.06692028842160741,0.5684386908895309,EPISODIC_MEMORY,Episodic Memory
13,autobiographical_memory,0.06387200179383437,0.5684386908895309,EPISODIC_MEMORY,Episodic Memory
13,retrieval,0.06148055992049775,0.5684386908895309,EPISODIC_MEMORY,Episodic Memory
13,remembering,0.061260057272874965,0.5684386908895309,EPISODIC_MEMORY,Episodic Memory
13,semantic_memory,0.05937955259486739,0.5684386908895309,EPISODIC_MEMORY,Episodic Memory
13,semantic_information,0.05906569369003846,0.5684386908895309,EPISODIC_MEMORY,Episodic Memory
13,cognitive_map,0.05896776312045785,0.5684386908895309,EPISODIC_MEMORY,Episodic Memory
13,spatial_memory,0.056595394524385376,0.5684386908895309,EPISODIC_MEMORY,Episodic Memory
13,episodic_future_thinking,0.053408002863026806,0.5684386908895309,EPISODIC_MEMORY,Episodic Memory
13,memory_process,0.05296435558701209,0.5684386908895309,EPISODIC_MEMORY,Episodic Memory
13,prospection,0.0527766682709668,0.5684386908895309,EPISODIC_MEMORY,Episodic Memory
13,face_perception,0.05134292623317077,0.5684386908895309,EPISODIC_MEMORY,Episodic Memory
13,familiarity,0.04875804553117587,0.5684386908895309,EPISODIC_MEMORY,Episodic Memory
13,source_memory,0.04785207001047735,0.5684386908895309,EPISODIC_MEMORY,Episodic Memory
13,emotional_memory,0.046427368669136125,0.5684386908895309,EPISODIC_MEMORY,Episodic Memory
13,remote_memory,0.04609799399233766,0.5684386908895309,EPISODIC_MEMORY,Episodic Memory
13,navigation,0.04588547680197617,0.5684386908895309,EPISODIC_MEMORY,Episodic Memory
13,encoding,0.045476776199626506,0.5684386908895309,EPISODIC_MEMORY,Episodic Memory
13,encoding_task,0.0448315359375606,0.5684386908895309,EPISODIC_MEMORY,Episodic Memory
14,memory,0.12173913916562287,0.5975825062308371,RECALL,Recall
14,remembering,0.114840971767789,0.5975825062308371,RECALL,Recall
14,retrieval,0.1117449114002637,0.5975825062308371,RECALL,Recall
14,episodic_memory,0.1091771393023507,0.5975825062308371,RECALL,Recall
14,memory_retrieval,0.10566760258666913,0.5975825062308371,RECALL,Recall
14,visual_imagery,0.10261136941338447,0.5975825062308371,RECALL,Recall
14,encoding,0.09399294898777057,0.5975825062308371,RECALL,Recall
14,recall,0.08933187414885227,0.5975825062308371,RECALL,Recall
14,recognition_memory,0.08922993993721634,0.5975825062308371,RECALL,Recall
14,navigation,0.08630771895398559,0.5975825062308371,RECALL,Recall
14,autobiographical_memory,0.08313461746815118,0.5975825062308371,RECALL,Recall
14,spatial_memory,0.08309885426753083,0.5975825062308371,RECALL,Recall
14,mental_imagery,0.08195655063055217,0.5975825062308371,RECALL,Recall
14,familiarity,0.08143790975788616,0.5975825062308371,RECALL,Recall
14,episodic_simulation,0.0802166087556944,0.5975825062308371,RECALL,Recall
14,source_memory,0.07839041469087005,0.5975825062308371,RECALL,Recall
14,imagine,0.07817581916019756,0.5975825062308371,RECALL,Recall
14,recognition,0.07763184815075888,0.5975825062308371,RECALL,Recall
14,imagery,0.075504362081843,0.5975825062308371,RECALL,Recall
14,prospection,0.0751469133004283,0.5975825062308371,RECALL,Recall
14,visual_attention,0.07430095275269485,0.5975825062308371,RECALL,Recall
14,visual_perception,0.07178687981900553,0.5975825062308371,RECALL,Recall
14,episodic_future_thinking,0.07142517666402946,0.5975825062308371,RECALL,Recall
14,vision,0.07077030811623211,0.5975825062308371,RECALL,Recall
14,eye,0.07054963576064219,0.5975825062308371,RECALL,Recall
15,reward,0.2503189039355677,0.6246161138129327,LOSS,Loss
15,reward_anticipation,0.2221302947137747,0.6246161138129327,LOSS,Loss
15,reward_processing,0.1969204152481544,0.6246161138129327,LOSS,Loss
15,monetary_incentive_delay_task,0.16667426282360098,0.6246161138129327,LOSS,Loss
15,anticipation,0.1442459658368312,0.6246161138129327,LOSS,Loss
15,reward_learning,0.12627489743686335,0.6246161138129327,LOSS,Loss
15,instrumental_conditioning,0.11942906484357872,0.6246161138129327,LOSS,Loss
15,reinforcement_learning,0.11917348031043615,0.6246161138129327,LOSS,Loss
15,loss_anticipation,0.11663740111916132,0.6246161138129327,LOSS,Loss
15,feedback,0.11228901024265987,0.6246161138129327,LOSS,Loss
15,addiction,0.1119134400023433,0.6246161138129327,LOSS,Loss
15,gambling,0.11054845217634797,0.6246161138129327,LOSS,Loss
15,expectancy,0.10493729872568938,0.6246161138129327,LOSS,Loss
15,decision_making,0.10194184098408897,0.6246161138129327,LOSS,Loss
15,wanting,0.1004996158658383,0.6246161138129327,LOSS,Loss
15,loss,0.09236684678607546,0.6246161138129327,LOSS,Loss
16,execution,0.13205280100454928,0.6096463116999463,REPRESENTATION,Representation
16,hand,0.12411545887962215,0.6096463116999463,REPRESENTATION,Representation
16,representation,0.11886612731896673,0.6096463116999463,REPRESENTATION,Representation
16,grasping,0.1186086266616787,0.6096463116999463,REPRESENTATION,Representation
16,action,0.1185607061810824,0.6096463116999463,REPRESENTATION,Representation
16,intention,0.11731031940952433,0.6096463116999463,REPRESENTATION,Representation
16,manipulation,0.11642853074829353,0.6096463116999463,REPRESENTATION,Representation
16,attention,0.11305249169783085,0.6096463116999463,REPRESENTATION,Representation
16,spatial_attention,0.11101497320325956,0.6096463116999463,REPRESENTATION,Representation
16,movement,0.10737311018603243,0.6096463116999463,REPRESENTATION,Representation
16,grasp,0.10486851106776332,0.6096463116999463,REPRESENTATION,Representation
16,covert,0.10474417492712088,0.6096463116999463,REPRESENTATION,Representation
16,mental_representation,0.1001228677170217,0.6096463116999463,REPRESENTATION,Representation
16,eye,0.09349626923105077,0.6096463116999463,REPRESENTATION,Representation
16,vision,0.09211819402634794,0.6096463116999463,REPRESENTATION,Representation
16,rehearsal,0.09072752025376443,0.6096463116999463,REPRESENTATION,Representation
16,imagination,0.0906115663968789,0.6096463116999463,REPRESENTATION,Representation
16,goal,0.08834916033670301,0.6096463116999463,REPRESENTATION,Representation
16,strategy,0.0876121504992302,0.6096463116999463,REPRESENTATION,Representation
16,visuospatial_attention,0.08760599167201569,0.6096463116999463,REPRESENTATION,Representation
16,theory_mind,0.08606937789243374,0.6096463116999463,REPRESENTATION,Representation
16,working_memory,0.08413222585691729,0.6096463116999463,REPRESENTATION,Representation
16,perception,0.08388280339461651,0.6096463116999463,REPRESENTATION,Representation
16,visual_attention,0.08189918414656774,0.6096463116999463,REPRESENTATION,Representation
17,speech,0.22445704683326653,0.6612868168802188,SEMANTIC_PROCESSING,Semantic Processing
17,language,0.21182621189584785,0.6612868168802188,SEMANTIC_PROCESSING,Semantic Processing
17,language_processing,0.1993062768561684,0.6612868168802188,SEMANTIC_PROCESSING,Semantic Processing
17,speech_processing,0.19600449282605686,0.6612868168802188,SEMANTIC_PROCESSING,Semantic Processing
17,listening,0.19144817426162256,0.6612868168802188,SEMANTIC_PROCESSING,Semantic Processing
17,speech_perception,0.18888848136513986,0.6612868168802188,SEMANTIC_PROCESSING,Semantic Processing
17,hearing,0.1817863202695168,0.6612868168802188,SEMANTIC_PROCESSING,Semantic Processing
17,semantic_processing,0.179002371465233,0.6612868168802188,SEMANTIC_PROCESSING,Semantic Processing
17,semantics,0.17066898366811878,0.6612868168802188,SEMANTIC_PROCESSING,Semantic Processing
17,language_comprehension,0.1706090577316634,0.6612868168802188,SEMANTIC_PROCESSING,Semantic Processing
17,word,0.1645481296871656,0.6612868168802188,SEMANTIC_PROCESSING,Semantic Processing
17,syllable,0.15791605941883152,0.6612868168802188,SEMANTIC_PROCESSING,Semantic Processing
17,sentence_processing,0.15659915944446318,0.6612868168802188,SEMANTIC_PROCESSING,Semantic Processing
17,sentence_comprehension,0.1443332907443538,0.6612868168802188,SEMANTIC_PROCESSING,Semantic Processing
17,meaning,0.13640377504723558,0.6612868168802188,SEMANTIC_PROCESSING,Semantic Processing
17,phonology,0.1361129527587,0.6612868168802188,SEMANTIC_PROCESSING,Semantic Processing
17,syntax,0.13320095498981738,0.6612868168802188,SEMANTIC_PROCESSING,Semantic Processing
17,semantic_information,0.13256076046316068,0.6612868168802188,SEMANTIC_PROCESSING,Semantic Processing
18,execution,0.19478250229742394,0.6260626394162669,MANIPULATION,Manipulation
18,hand,0.16260292911568905,0.6260626394162669,MANIPULATION,Manipulation
18,movement,0.15207470620202385,0.6260626394162669,MANIPULATION,Manipulation
18,working_memory,0.14391909378784307,0.6260626394162669,MANIPULATION,Manipulation
18,rehearsal,0.14037067944710047,0.6260626394162669,MANIPULATION,Manipulation
18,motor_control,0.13013105553111154,0.6260626394162669,MANIPULATION,Manipulation
18,manipulation,0.12429722963085447,0.6260626394162669,MANIPULATION,Manipulation
18,action,0.1230654259197152,0.6260626394162669,MANIPULATION,Manipulation
18,preparation,0.11661239688490675,0.6260626394162669,MANIPULATION,Manipulation
18,monitoring,0.11595948667418556,0.6260626394162669,MANIPULATION,Manipulation
18,grasp,0.11379715840573908,0.6260626394162669,MANIPULATION,Manipulation
18,motor_planning,0.11240056629541764,0.6260626394162669,MANIPULATION,Manipulation
18,reaction_time,0.11206270806949327,0.6260626394162669,MANIPULATION,Manipulation
18,covert,0.11012283845064476,0.6260626394162669,MANIPULATION,Manipulation
18,response_selection,0.10937873624998988,0.6260626394162669,MANIPULATION,Manipulation
18,representation,0.10899390126692238,0.6260626394162669,MANIPULATION,Manipulation
18,grasping,0.1086414275522656,0.6260626394162669,MANIPULATION,Manipulation
18,planning,0.10774368835455436,0.6260626394162669,MANIPULATION,Manipulation
18,arm,0.10711269038926312,0.6260626394162669,MANIPULATION,Manipulation
18,strategy,0.10404590513004204,0.6260626394162669,MANIPULATION,Manipulation
18,imagination,0.10009197283914484,0.6260626394162669,MANIPULATION,Manipulation
18,motor_program,0.09932912063395201,0.6260626394162669,MANIPULATION,Manipulation
18,imagery,0.09682447373206718,0.6260626394162669,MANIPULATION,Manipulation
18,language,0.09550912015850374,0.6260626394162669,MANIPULATION,Manipulation
19,fear,0.20298970381843207,0.6574900133737993,VALENCE,Valence
19,emotion,0.20023853995930213,0.6574900133737993,VALENCE,Valence
19,valence,0.16826731317121452,0.6574900133737993,VALENCE,Valence
19,facial_expression,0.16664211950305693,0.6574900133737993,VALENCE,Valence
19,arousal,0.15448004207935773,0.6574900133737993,VALENCE,Valence
19,emotional_memory,0.14120199440618275,0.6574900133737993,VALENCE,Valence
19,face,0.13973681765212986,0.6574900133737993,VALENCE,Valence
19,memory,0.13608621222957767,0.6574900133737993,VALENCE,Valence
19,declarative_memory,0.13396020410697185,0.6574900133737993,VALENCE,Valence
19,negative_emotion,0.13342320979678904,0.6574900133737993,VALENCE,Valence
19,emotional_expression,0.12910932824452653,0.6574900133737993,VALENCE,Valence
19,anger,0.128133446375806,0.6574900133737993,VALENCE,Valence
19,recognition_memory,0.11902083486117047,0.6574900133737993,VALENCE,Valence
19,international_affective_picture_system,0.11886746067151238,0.6574900133737993,VALENCE,Valence
19,picture,0.1185102048382374,0.6574900133737993,VALENCE,Valence
19,disgust,0.11691613934902148,0.6574900133737993,VALENCE,Valence
19,anxiety,0.11675673074816005,0.6574900133737993,VALENCE,Valence
19,extinction,0.11472599970593947,0.6574900133737993,VALENCE,Valence
19,episodic_memory,0.11408306774968095,0.6574900133737993,VALENCE,Valence
19,olfaction,0.10711020970000183,0.6574900133737993,VALENCE,Valence
20,reward,0.2678068831882269,0.6392694724771746,REWARD_PROCESSING,Reward Processing
20,reward_anticipation,0.22084140609944536,0.6392694724771746,REWARD_PROCESSING,Reward Processing
20,reward_processing,0.2164765048258261,0.6392694724771746,REWARD_PROCESSING,Reward Processing
20,monetary_incentive_delay_task,0.1750929978038233,0.6392694724771746,REWARD_PROCESSING,Reward Processing
20,anticipation,0.15285067664206192,0.6392694724771746,REWARD_PROCESSING,Reward Processing
20,reward_learning,0.14813559183499345,0.6392694724771746,REWARD_PROCESSING,Reward Processing
20,instrumental_conditioning,0.14171824404054525,0.6392694724771746,REWARD_PROCESSING,Reward Processing
20,reinforcement_learning,0.1205705177213154,0.6392694724771746,REWARD_PROCESSING,Reward Processing
20,feedback,0.11896895533704507,0.6392694724771746,REWARD_PROCESSING,Reward Processing
20,loss_anticipation,0.11759349497626505,0.6392694724771746,REWARD_PROCESSING,Reward Processing
20,decision_making,0.11512800593017306,0.6392694724771746,REWARD_PROCESSING,Reward Processing
20,expectancy,0.11481173955072001,0.6392694724771746,REWARD_PROCESSING,Reward Processing
20,addiction,0.11158093825018656,0.6392694724771746,REWARD_PROCESSING,Reward Processing
20,gambling,0.10860876457341777,0.6392694724771746,REWARD_PROCESSING,Reward Processing
20,wanting,0.10209505774944384,0.6392694724771746,REWARD_PROCESSING,Reward Processing
20,loss,0.10039311922208738,0.6392694724771746,REWARD_PROCESSING,Reward Processing
21,memory,0.1962216610603464,0.6338313616948411,ENCODING,Encoding
21,episodic_memory,0.17753746688103722,0.6338313616948411,ENCODING,Encoding
21,remembering,0.1585403173375649,0.6338313616948411,ENCODING,Encoding
21,recognition_memory,0.15811429808510494,0.6338313616948411,ENCODING,Encoding
21,declarative_memory,0.15771166399204814,0.6338313616948411,ENCODING,Encoding
21,retrieval,0.15657241182551507,0.6338313616948411,ENCODING,Encoding
21,encoding,0.1481591837464878,0.6338313616948411,ENCODING,Encoding
21,recognition,0.1348423156745286,0.6338313616948411,ENCODING,Encoding
21,recall,0.12439200467291585,0.6338313616948411,ENCODING,Encoding
21,spatial_memory,0.1242398853976359,0.6338313616948411,ENCODING,Encoding
21,familiarity,0.12219727975616812,0.6338313616948411,ENCODING,Encoding
21,autobiographical_memory,0.1193630762947282,0.6338313616948411,ENCODING,Encoding
21,encoding_task,0.11873274989370255,0.6338313616948411,ENCODING,Encoding
21,source_memory,0.11786714838629254,0.6338313616948411,ENCODING,Encoding
21,episodic_simulation,0.11607592295823292,0.6338313616948411,ENCODING,Encoding
21,memory_process,0.11462958963307195,0.6338313616948411,ENCODING,Encoding
21,memory_retrieval,0.11141143597937744,0.6338313616948411,ENCODING,Encoding
21,cognitive_map,0.1083584857551963,0.6338313616948411,ENCODING,Encoding
21,remote_memory,0.10835452046259712,0.6338313616948411,ENCODING,Encoding
21,semantic_memory,0.1074866389205308,0.6338313616948411,ENCODING,Encoding
21,navigation,0.10725906968172604,0.6338313616948411,ENCODING,Encoding
21,forgetting,0.10603977895032883,0.6338313616948411,ENCODING,Encoding
21,emotional_memory,0.10265490756151964,0.6338313616948411,ENCODING,Encoding
22,monitoring,0.15358447919821933,0.6074774018261885,DECISION_MAKING,Decision Making
22,decision_making,0.1209851032247473,0.6074774018261885,DECISION_MAKING,Decision Making
22,reward,0.1200640622091731,0.6074774018261885,DECISION_MAKING,Decision Making
22,cognitive_control,0.10963666749094872,0.6074774018261885,DECISION_MAKING,Decision Making
22,error_detection,0.10913798545406077,0.6074774018261885,DECISION_MAKING,Decision Making
22,anticipation,0.10625278275147873,0.6074774018261885,DECISION_MAKING,Decision Making
22,response_selection,0.10422989935549352,0.6074774018261885,DECISION_MAKING,Decision Making
22,reward_processing,0.09685771830841712,0.6074774018261885,DECISION_MAKING,Decision Making
22,performance_monitoring,0.09455242335883103,0.6074774018261885,DECISION_MAKING,Decision Making
23,anticipation,0.08590269777346632,0.5793628586097206,PAIN,Pain
23,nociception,0.0842291233056305,0.5793628586097206,PAIN,Pain
23,arousal,0.07926485417917754,0.5793628586097206,PAIN,Pain
23,pain,0.07881601810624357,0.5793628586097206,PAIN,Pain
23,micturition,0.066777907328784,0.5793628586097206,PAIN,Pain
24,speech,0.23712586256040044,0.6611968440524282,SPEECH,Speech
24,hearing,0.22234782542373602,0.6611968440524282,SPEECH,Speech
24,listening,0.2196065989648613,0.6611968440524282,SPEECH,Speech
24,speech_processing,0.21009423727248414,0.6611968440524282,SPEECH,Speech
24,speech_perception,0.20857933764642766,0.6611968440524282,SPEECH,Speech
25,reward,0.1664877184277151,0.6056278667233626,SALIENCE,Salience
25,reward_anticipation,0.13684365985966707,0.6056278667233626,SALIENCE,Salience
25,reward_processing,0.1367565802581014,0.6056278667233626,SALIENCE,Salience
25,reward_learning,0.10016157125249042,0.6056278667233626,SALIENCE,Salience
25,anticipation,0.08946723264930573,0.6056278667233626,SALIENCE,Salience
25,addiction,0.08816019500332639,0.6056278667233626,SALIENCE,Salience
25,decision_making,0.08472472976656104,0.6056278667233626,SALIENCE,Salience
25,expectancy,0.07893283747780071,0.6056278667233626,SALIENCE,Salience
25,monetary_incentive_delay_task,0.07712822574300096,0.6056278667233626,SALIENCE,Salience
25,valence,0.0767562318001967,0.6056278667233626,SALIENCE,Salience
25,taste,0.07576153250234881,0.6056278667233626,SALIENCE,Salience
25,mood,0.07305453532263509,0.6056278667233626,SALIENCE,Salience
25,arousal,0.07096009939829856,0.6056278667233626,SALIENCE,Salience
25,anhedonia,0.07041339279814023,0.6056278667233626,SALIENCE,Salience
25,food,0.06698650220799579,0.6056278667233626,SALIENCE,Salience
25,salience,0.06625925692219893,0.6056278667233626,SALIENCE,Salience
25,loss,0.06274368324374706,0.6056278667233626,SALIENCE,Salience
25,gambling,0.05894465626049542,0.6056278667233626,SALIENCE,Salience
25,impulsivity,0.05845330409445242,0.6056278667233626,SALIENCE,Salience
25,instrumental_conditioning,0.05772985206741161,0.6056278667233626,SALIENCE,Salience
25,emotion,0.05695733961236725,0.6056278667233626,SALIENCE,Salience
25,dsmiv,0.05688140546283477,0.6056278667233626,SALIENCE,Salience
25,intertemporal_choice,0.056443804078786027,0.6056278667233626,SALIENCE,Salience
25,loss_anticipation,0.05587861872734716,0.6056278667233626,SALIENCE,Salience
26,motor_control,0.11629339622458655,0.5766273118391216,REST,Rest
26,movement,0.10700351843317077,0.5766273118391216,REST,Rest
26,execution,0.09729924210829163,0.5766273118391216,REST,Rest
26,motor_learning,0.0910857658582701,0.5766273118391216,REST,Rest
26,coordination,0.07707097832405492,0.5766273118391216,REST,Rest
26,motor_sequence_learning,0.07589710663283837,0.5766273118391216,REST,Rest
26,hand,0.07177355479991927,0.5766273118391216,REST,Rest
26,arm,0.07127554688709106,0.5766273118391216,REST,Rest
26,articulatory_rehearsal,0.06760398849566862,0.5766273118391216,REST,Rest
26,imagination,0.06758876371355646,0.5766273118391216,REST,Rest
26,skill,0.06623152644375717,0.5766273118391216,REST,Rest
26,rehearsal,0.06434903661825206,0.5766273118391216,REST,Rest
26,tapping_task,0.060695594805288425,0.5766273118391216,REST,Rest
26,motor_planning,0.06004605225382442,0.5766273118391216,REST,Rest
26,ataxia,0.0584370443994358,0.5766273118391216,REST,Rest
26,rest,0.05589375961240032,0.5766273118391216,REST,Rest
26,automaticity,0.05587684972064802,0.5766273118391216,REST,Rest
26,planning,0.05443173593997535,0.5766273118391216,REST,Rest
26,covert,0.05396971520758908,0.5766273118391216,REST,Rest
26,retrieval,0.05372122498583407,0.5766273118391216,REST,Rest
26,imagery,0.053077494151848766,0.5766273118391216,REST,Rest
26,phonological_loop,0.05300373801246384,0.5766273118391216,REST,Rest
26,strategy,0.05220827094203653,0.5766273118391216,REST,Rest
26,auditory_feedback,0.05207742169522394,0.5766273118391216,REST,Rest
27,arousal,0.09775657449843844,0.5868548135026881,COGNITIVE_PROCESS,Cognitive Process
27,cognitive_control,0.09499098148871137,0.5868548135026881,COGNITIVE_PROCESS,Cognitive Process
27,reaction_time,0.09241123260177043,0.5868548135026881,COGNITIVE_PROCESS,Cognitive Process
27,response_inhibition,0.08795130058909342,0.5868548135026881,COGNITIVE_PROCESS,Cognitive Process
27,error_detection,0.08695594292095665,0.5868548135026881,COGNITIVE_PROCESS,Cognitive Process
27,strategy,0.08529771321609668,0.5868548135026881,COGNITIVE_PROCESS,Cognitive Process
27,anticipation,0.0830630014809268,0.5868548135026881,COGNITIVE_PROCESS,Cognitive Process
27,monitoring,0.0830419830940958,0.5868548135026881,COGNITIVE_PROCESS,Cognitive Process
27,working_memory,0.08287157158089001,0.5868548135026881,COGNITIVE_PROCESS,Cognitive Process
27,response_selection,0.0823434562686683,0.5868548135026881,COGNITIVE_PROCESS,Cognitive Process
27,decision_making,0.0819478161731908,0.5868548135026881,COGNITIVE_PROCESS,Cognitive Process
27,cognitive_process,0.07813300581657939,0.5868548135026881,COGNITIVE_PROCESS,Cognitive Process
27,context,0.07631378523359288,0.5868548135026881,COGNITIVE_PROCESS,Cognitive Process
27,manipulation,0.07491725901346089,0.5868548135026881,COGNITIVE_PROCESS,Cognitive Process
27,valence,0.07319978446015622,0.5868548135026881,COGNITIVE_PROCESS,Cognitive Process
27,task_set,0.07167232065051084,0.5868548135026881,COGNITIVE_PROCESS,Cognitive Process
27,goal,0.07043763449589274,0.5868548135026881,COGNITIVE_PROCESS,Cognitive Process
27,gonogo_task,0.06918627140222165,0.5868548135026881,COGNITIVE_PROCESS,Cognitive Process
27,emotion,0.06799163725191694,0.5868548135026881,COGNITIVE_PROCESS,Cognitive Process
27,expectancy,0.06653903617464607,0.5868548135026881,COGNITIVE_PROCESS,Cognitive Process
27,interoception,0.06591088637632203,0.5868548135026881,COGNITIVE_PROCESS,Cognitive Process
27,reward,0.06506284057880174,0.5868548135026881,COGNITIVE_PROCESS,Cognitive Process
27,empathy,0.06452902669141844,0.5868548135026881,COGNITIVE_PROCESS,Cognitive Process
27,decision,0.06428036259281758,0.5868548135026881,COGNITIVE_PROCESS,Cognitive Process
27,performance_monitoring,0.06412196377253948,0.5868548135026881,COGNITIVE_PROCESS,Cognitive Process
28,word,0.17717890937474096,0.6497947309386849,FAMILIARITY,Familiarity
28,semantic_processing,0.17373540694992254,0.6497947309386849,FAMILIARITY,Familiarity
28,reading,0.1598061855077348,0.6497947309386849,FAMILIARITY,Familiarity
28,naming,0.1597696339825394,0.6497947309386849,FAMILIARITY,Familiarity
28,language,0.1559773261809767,0.6497947309386849,FAMILIARITY,Familiarity
28,semantics,0.15228495369831335,0.6497947309386849,FAMILIARITY,Familiarity
28,recognition,0.1494428690131976,0.6497947309386849,FAMILIARITY,Familiarity
28,pseudowords,0.14651071222724646,0.6497947309386849,FAMILIARITY,Familiarity
28,familiarity,0.14559363866515804,0.6497947309386849,FAMILIARITY,Familiarity
28,phonology,0.14497159170340398,0.6497947309386849,FAMILIARITY,Familiarity
28,face_perception,0.1449461877067037,0.6497947309386849,FAMILIARITY,Familiarity
28,object_recognition,0.13794366591162754,0.6497947309386849,FAMILIARITY,Familiarity
28,orthography,0.1353892573486723,0.6497947309386849,FAMILIARITY,Familiarity
28,retrieval,0.13529719152247105,0.6497947309386849,FAMILIARITY,Familiarity
28,meaning,0.13167504275014907,0.6497947309386849,FAMILIARITY,Familiarity
28,word_recognition,0.13117983854527732,0.6497947309386849,FAMILIARITY,Familiarity
28,lexicon,0.12963391590112905,0.6497947309386849,FAMILIARITY,Familiarity
28,semantic_information,0.12909987202941064,0.6497947309386849,FAMILIARITY,Familiarity
28,phonological_processing,0.1284290767765476,0.6497947309386849,FAMILIARITY,Familiarity
28,language_processing,0.1269578845395491,0.6497947309386849,FAMILIARITY,Familiarity
28,visual_word_recognition,0.1268268410369537,0.6497947309386849,FAMILIARITY,Familiarity
28,semantic_knowledge,0.12370715367717786,0.6497947309386849,FAMILIARITY,Familiarity
28,vision,0.12001810741536055,0.6497947309386849,FAMILIARITY,Familiarity
29,semantic_knowledge,0.09950813787996976,0.5966953349818165,RETRIEVAL,Retrieval
29,semantic_memory,0.09904928326572984,0.5966953349818165,RETRIEVAL,Retrieval
29,episodic_memory,0.09420015769574057,0.5966953349818165,RETRIEVAL,Retrieval
29,semantic_processing,0.09002436918177299,0.5966953349818165,RETRIEVAL,Retrieval
29,memory,0.08804063556729043,0.5966953349818165,RETRIEVAL,Retrieval
29,retrieval,0.07751416798785192,0.5966953349818165,RETRIEVAL,Retrieval
29,semantic_information,0.07590501901013408,0.5966953349818165,RETRIEVAL,Retrieval
29,declarative_memory,0.07576913668648162,0.5966953349818165,RETRIEVAL,Retrieval
29,imageability,0.07486076980211312,0.5966953349818165,RETRIEVAL,Retrieval
29,autobiographical_memory,0.07466113134224196,0.5966953349818165,RETRIEVAL,Retrieval
29,word,0.07385793704124675,0.5966953349818165,RETRIEVAL,Retrieval
29,remembering,0.07214816134237395,0.5966953349818165,RETRIEVAL,Retrieval
29,theory_mind,0.07169390107368523,0.5966953349818165,RETRIEVAL,Retrieval
29,recognition_memory,0.06974553513844042,0.5966953349818165,RETRIEVAL,Retrieval
29,prospection,0.06959153278981378,0.5966953349818165,RETRIEVAL,Retrieval
29,episodic_simulation,0.06893574416365916,0.5966953349818165,RETRIEVAL,Retrieval
30,reward,0.11478836667721305,0.5818128113291551,ANTICIPATION,Anticipation
30,monetary_incentive_delay_task,0.09961735504079387,0.5818128113291551,ANTICIPATION,Anticipation
30,anticipation,0.09209243908101998,0.5818128113291551,ANTICIPATION,Anticipation
30,reward_anticipation,0.09191763969224176,0.5818128113291551,ANTICIPATION,Anticipation
30,reward_processing,0.08063861993814657,0.5818128113291551,ANTICIPATION,Anticipation
30,motor_control,0.08050796729978539,0.5818128113291551,ANTICIPATION,Anticipation
30,motor_program,0.06466138359561803,0.5818128113291551,ANTICIPATION,Anticipation
31,vision,0.15848695780985206,0.6333071680879346,EYE,Eye
31,face_perception,0.14832295485041985,0.6333071680879346,EYE,Eye
31,object_recognition,0.14422836300865366,0.6333071680879346,EYE,Eye
31,visual_attention,0.14372282857428725,0.6333071680879346,EYE,Eye
31,visual_angle,0.13563631205152954,0.6333071680879346,EYE,Eye
31,visual_perception,0.13004576145399774,0.6333071680879346,EYE,Eye
31,shape,0.12474636987749407,0.6333071680879346,EYE,Eye
31,recognition,0.12300066103046135,0.6333071680879346,EYE,Eye
31,spatial_attention,0.12204848903916275,0.6333071680879346,EYE,Eye
31,visual_object,0.12041412888224395,0.6333071680879346,EYE,Eye
31,eye,0.11749780726989198,0.6333071680879346,EYE,Eye
31,covert,0.11686770818140235,0.6333071680879346,EYE,Eye
31,face,0.1131834538611904,0.6333071680879346,EYE,Eye
31,visual_motion,0.11188640525593288,0.6333071680879346,EYE,Eye
31,familiarity,0.1093015789957666,0.6333071680879346,EYE,Eye
31,reading,0.1091004663421339,0.6333071680879346,EYE,Eye
31,perception,0.10739650718243376,0.6333071680879346,EYE,Eye
31,face_recognition,0.10342747443863406,0.6333071680879346,EYE,Eye
31,fixation,0.10294973091821023,0.6333071680879346,EYE,Eye
31,picture,0.10225591321849943,0.6333071680879346,EYE,Eye
31,object_perception,0.10225285026133656,0.6333071680879346,EYE,Eye
32,anticipation,0.08665285660996068,0.5706545987692426,HEAT,Heat
32,painful_stimulation,0.08613466861624755,0.5706545987692426,HEAT,Heat
32,pain,0.07619093792492593,0.5706545987692426,HEAT,Heat
32,heat,0.07517796288499969,0.5706545987692426,HEAT,Heat
32,motor_control,0.07378270265227732,0.5706545987692426,HEAT,Heat
32,pain_sensation,0.07285739001154701,0.5706545987692426,HEAT,Heat
32,arousal,0.06602421045601466,0.5706545987692426,HEAT,Heat
32,reward,0.06576054302001627,0.5706545987692426,HEAT,Heat
32,nociception,0.06336261783136721,0.5706545987692426,HEAT,Heat
33,hearing,0.16840381528082166,0.6371853483734071,PERCEPTION,Perception
33,listening,0.15241090751346367,0.6371853483734071,PERCEPTION,Perception
33,tone,0.14826114428619858,0.6371853483734071,PERCEPTION,Perception
33,speech,0.1458238745798564,0.6371853483734071,PERCEPTION,Perception
33,speech_perception,0.13748191266696164,0.6371853483734071,PERCEPTION,Perception
33,speech_processing,0.1345242148427829,0.6371853483734071,PERCEPTION,Perception
33,music,0.11878059325666065,0.6371853483734071,PERCEPTION,Perception
33,melody,0.1180244923756446,0.6371853483734071,PERCEPTION,Perception
33,passive_listening,0.11337475671611515,0.6371853483734071,PERCEPTION,Perception
33,painful_stimulation,0.10942850569139094,0.6371853483734071,PERCEPTION,Perception
33,auditory_perception,0.10757959486462662,0.6371853483734071,PERCEPTION,Perception
33,audition,0.1057993921276956,0.6371853483734071,PERCEPTION,Perception
33,pain,0.10404190210319647,0.6371853483734071,PERCEPTION,Perception
33,perception,0.09937703477593116,0.6371853483734071,PERCEPTION,Perception
33,multisensory,0.09727530364832106,0.6371853483734071,PERCEPTION,Perception
33,speech_production,0.091262111442651,0.6371853483734071,PERCEPTION,Perception
33,heat,0.09074609849881736,0.6371853483734071,PERCEPTION,Perception
33,syllable,0.08956986931822343,0.6371853483734071,PERCEPTION,Perception
33,auditory_feedback,0.08688786923218847,0.6371853483734071,PERCEPTION,Perception
33,prosody,0.08470207440962146,0.6371853483734071,PERCEPTION,Perception
33,crossmodal,0.08310572242078089,0.6371853483734071,PERCEPTION,Perception
33,multisensory_integration,0.08247691361133287,0.6371853483734071,PERCEPTION,Perception
33,movement,0.08218224462980117,0.6371853483734071,PERCEPTION,Perception
33,intonation,0.0816882907063057,0.6371853483734071,PERCEPTION,Perception
34,motor_control,0.07735375232897204,0.5841179795876141,MOVEMENT,Movement
34,movement,0.06883137024428759,0.5841179795876141,MOVEMENT,Movement
34,tapping_task,0.06668756273398155,0.5841179795876141,MOVEMENT,Movement
34,motor_learning,0.06276395553646212,0.5841179795876141,MOVEMENT,Movement
34,coordination,0.06178221443183408,0.5841179795876141,MOVEMENT,Movement
34,execution,0.0587648206070788,0.5841179795876141,MOVEMENT,Movement
34,arm,0.05553689729410269,0.5841179795876141,MOVEMENT,Movement
34,motor_planning,0.054391871762878616,0.5841179795876141,MOVEMENT,Movement
34,motor_sequence_learning,0.05314062389371391,0.5841179795876141,MOVEMENT,Movement
34,rehearsal,0.05013856475393511,0.5841179795876141,MOVEMENT,Movement
35,pain,0.12844481576225333,0.6113362569590262,MONITORING,Monitoring
35,interoception,0.12412060420820595,0.6113362569590262,MONITORING,Monitoring
35,painful_stimulation,0.1075194382795414,0.6113362569590262,MONITORING,Monitoring
35,anticipation,0.10598209971902904,0.6113362569590262,MONITORING,Monitoring
35,heat,0.10010117023314556,0.6113362569590262,MONITORING,Monitoring
35,arousal,0.0952859990319781,0.6113362569590262,MONITORING,Monitoring
35,monitoring,0.08009220405963666,0.6113362569590262,MONITORING,Monitoring
35,pain_sensation,0.07573531118671684,0.6113362569590262,MONITORING,Monitoring
35,disgust,0.07571002587813569,0.6113362569590262,MONITORING,Monitoring
35,tone,0.07530793542419134,0.6113362569590262,MONITORING,Monitoring
35,error_detection,0.0711004587563502,0.6113362569590262,MONITORING,Monitoring
35,expectancy,0.07074523110402486,0.6113362569590262,MONITORING,Monitoring
35,salience,0.07043521777994356,0.6113362569590262,MONITORING,Monitoring
35,nociception,0.06955440477949394,0.6113362569590262,MONITORING,Monitoring
35,auditory_feedback,0.06491613285885059,0.6113362569590262,MONITORING,Monitoring
35,manipulation,0.06456727729011491,0.6113362569590262,MONITORING,Monitoring
35,response_selection,0.0640328157478393,0.6113362569590262,MONITORING,Monitoring
35,music,0.06358546923278198,0.6113362569590262,MONITORING,Monitoring
35,hearing,0.06155702766715029,0.6113362569590262,MONITORING,Monitoring
35,melody,0.06152281572628704,0.6113362569590262,MONITORING,Monitoring
35,speech,0.06011190834587508,0.6113362569590262,MONITORING,Monitoring
35,empathy,0.05929026920650514,0.6113362569590262,MONITORING,Monitoring
35,speech_production,0.05884871787084733,0.6113362569590262,MONITORING,Monitoring
35,somatic,0.058010735202499226,0.6113362569590262,MONITORING,Monitoring
35,task_set,0.056756248364836816,0.6113362569590262,MONITORING,Monitoring
36,motor_learning,0.06486073283682063,0.5538843510787606,MOTOR_CONTROL,Motor Control
36,motor_control,0.0579589119134004,0.5538843510787606,MOTOR_CONTROL,Motor Control
36,vection,0.05654904322537435,0.5538843510787606,MOTOR_CONTROL,Motor Control
36,movement,0.055187965404565616,0.5538843510787606,MOTOR_CONTROL,Motor Control
36,autonomic_nervous_system_function,0.05402954988880443,0.5538843510787606,MOTOR_CONTROL,Motor Control
36,execution,0.04681044388983965,0.5538843510787606,MOTOR_CONTROL,Motor Control
37,emotion,0.12640781137467347,0.5731629623889829,SOCIAL_COGNITION,Social Cognition
37,fear,0.09287900348462066,0.5731629623889829,SOCIAL_COGNITION,Social Cognition
37,arousal,0.09225658462777772,0.5731629623889829,SOCIAL_COGNITION,Social Cognition
37,theory_mind,0.08994009098901734,0.5731629623889829,SOCIAL_COGNITION,Social Cognition
37,sadness,0.08943277257753422,0.5731629623889829,SOCIAL_COGNITION,Social Cognition
37,valence,0.08942271679876794,0.5731629623889829,SOCIAL_COGNITION,Social Cognition
37,facial_expression,0.08926144963356801,0.5731629623889829,SOCIAL_COGNITION,Social Cognition
37,disgust,0.08665401760749318,0.5731629623889829,SOCIAL_COGNITION,Social Cognition
37,empathy,0.0861536098178203,0.5731629623889829,SOCIAL_COGNITION,Social Cognition
37,speech,0.08349025571067356,0.5731629623889829,SOCIAL_COGNITION,Social Cognition
37,negative_emotion,0.08159988849093455,0.5731629623889829,SOCIAL_COGNITION,Social Cognition
37,language,0.08156563769057745,0.5731629623889829,SOCIAL_COGNITION,Social Cognition
37,language_processing,0.08091846625762572,0.5731629623889829,SOCIAL_COGNITION,Social Cognition
37,happiness,0.07862794768613396,0.5731629623889829,SOCIAL_COGNITION,Social Cognition
37,prosody,0.07763167757814174,0.5731629623889829,SOCIAL_COGNITION,Social Cognition
37,narrative,0.07753567636683954,0.5731629623889829,SOCIAL_COGNITION,Social Cognition
37,social_cognition,0.07437594880788963,0.5731629623889829,SOCIAL_COGNITION,Social Cognition
37,autobiographical_memory,0.07354578554104249,0.5731629623889829,SOCIAL_COGNITION,Social Cognition
37,semantic_processing,0.07262514207192243,0.5731629623889829,SOCIAL_COGNITION,Social Cognition
37,listening,0.07224572928118546,0.5731629623889829,SOCIAL_COGNITION,Social Cognition
37,speech_processing,0.06868371247326653,0.5731629623889829,SOCIAL_COGNITION,Social Cognition
37,syntax,0.0672319886835793,0.5731629623889829,SOCIAL_COGNITION,Social Cognition
37,language_comprehension,0.06530564607827928,0.5731629623889829,SOCIAL_COGNITION,Social Cognition
37,theory_mind_task,0.06529382086828571,0.5731629623889829,SOCIAL_COGNITION,Social Cognition
37,semantic_memory,0.0630198523485668,0.5731629623889829,SOCIAL_COGNITION,Social Cognition
38,autobiographical_memory,0.10960578661811672,0.6023111566089101,THOUGHT,Thought
38,reward,0.10393241929560128,0.6023111566089101,THOUGHT,Thought
38,valence,0.09975147164884507,0.6023111566089101,THOUGHT,Thought
38,episodic_simulation,0.09183372596017136,0.6023111566089101,THOUGHT,Thought
38,theory_mind,0.08702927800355531,0.6023111566089101,THOUGHT,Thought
38,social_cognition,0.08693263575353466,0.6023111566089101,THOUGHT,Thought
38,prospection,0.0864747449221129,0.6023111566089101,THOUGHT,Thought
38,reward_processing,0.08536934499589557,0.6023111566089101,THOUGHT,Thought
38,emotion,0.08470154995198258,0.6023111566089101,THOUGHT,Thought
38,decision_making,0.08461886754989313,0.6023111566089101,THOUGHT,Thought
38,arousal,0.0771200350536366,0.6023111566089101,THOUGHT,Thought
38,thought,0.07401229195956685,0.6023111566089101,THOUGHT,Thought
38,negative_emotion,0.07033132059434133,0.6023111566089101,THOUGHT,Thought
38,episodic_future_thinking,0.06944840058915458,0.6023111566089101,THOUGHT,Thought
38,sadness,0.06683392047097708,0.6023111566089101,THOUGHT,Thought
38,salience,0.06636336700502904,0.6023111566089101,THOUGHT,Thought
